-- MariaDB dump 10.17  Distrib 10.4.15-MariaDB, for Linux (x86_64)
--
-- Host: mysql.hostinger.ro    Database: u574849695_22
-- ------------------------------------------------------
-- Server version	10.4.15-MariaDB-cll-lve

/*!40101 SET @OLD_CHARACTER_SET_CLIENT=@@CHARACTER_SET_CLIENT */;
/*!40101 SET @OLD_CHARACTER_SET_RESULTS=@@CHARACTER_SET_RESULTS */;
/*!40101 SET @OLD_COLLATION_CONNECTION=@@COLLATION_CONNECTION */;
/*!40101 SET NAMES utf8mb4 */;
/*!40103 SET @OLD_TIME_ZONE=@@TIME_ZONE */;
/*!40103 SET TIME_ZONE='+00:00' */;
/*!40014 SET @OLD_UNIQUE_CHECKS=@@UNIQUE_CHECKS, UNIQUE_CHECKS=0 */;
/*!40014 SET @OLD_FOREIGN_KEY_CHECKS=@@FOREIGN_KEY_CHECKS, FOREIGN_KEY_CHECKS=0 */;
/*!40101 SET @OLD_SQL_MODE=@@SQL_MODE, SQL_MODE='NO_AUTO_VALUE_ON_ZERO' */;
/*!40111 SET @OLD_SQL_NOTES=@@SQL_NOTES, SQL_NOTES=0 */;

--
-- Table structure for table `brand`
--

DROP TABLE IF EXISTS `brand`;
/*!40101 SET @saved_cs_client     = @@character_set_client */;
/*!40101 SET character_set_client = utf8 */;
CREATE TABLE `brand` (
  `id` int(10) unsigned NOT NULL AUTO_INCREMENT,
  `brand` varchar(100) COLLATE utf8mb4_unicode_ci DEFAULT NULL,
  PRIMARY KEY (`id`),
  UNIQUE KEY `id_UNIQUE` (`id`),
  UNIQUE KEY `brand_UNIQUE` (`brand`)
) ENGINE=InnoDB AUTO_INCREMENT=101 DEFAULT CHARSET=utf8mb4 COLLATE=utf8mb4_unicode_ci;
/*!40101 SET character_set_client = @saved_cs_client */;

--
-- Dumping data for table `brand`
--

LOCK TABLES `brand` WRITE;
/*!40000 ALTER TABLE `brand` DISABLE KEYS */;
INSERT INTO `brand` VALUES (94,'Abshire-Leffler'),(1,'Abshire-Quigley'),(19,'Bayer Inc'),(59,'Berge-Conn'),(72,'Bernhard-Morar'),(73,'Block, Auer and Robel'),(98,'Boehm-Thiel'),(39,'Bogisich Group'),(81,'Borer-Willms'),(12,'Boyer-Harber'),(33,'Cassin Group'),(95,'Considine and Sons'),(14,'Crist Inc'),(32,'Cummings-Mante'),(85,'D\'Amore, Brown and Bartell'),(86,'Dare, Jaskolski and Block'),(68,'Daugherty LLC'),(35,'Dicki-O\'Kon'),(50,'Dietrich, VonRueden and Goldner'),(30,'Emard Ltd'),(56,'Emard, Pouros and Lebsack'),(6,'Flatley, Abshire and Lueilwitz'),(8,'Franecki and Sons'),(49,'Gerlach Inc'),(58,'Gorczany, Nienow and Stehr'),(66,'Gutkowski, Braun and Corkery'),(53,'Hahn, Stiedemann and Metz'),(88,'Hamill-Harris'),(89,'Hammes-Bartell'),(100,'Hansen-D\'Amore'),(61,'Hayes-Wisoky'),(44,'Hintz-Morissette'),(46,'Hintz-Oberbrunner'),(97,'Hirthe-Bernier'),(36,'Hoppe Inc'),(34,'Jenkins Group'),(47,'Kihn, Graham and O\'Connell'),(25,'Kilback and Sons'),(70,'Kirlin-Reichert'),(84,'Klein-Farrell'),(43,'Kuhic LLC'),(4,'Kuhn, Walter and Greenholt'),(93,'Kuvalis and Sons'),(64,'Labadie Inc'),(26,'Langosh Ltd'),(3,'Larkin, Heathcote and Murphy'),(18,'Leannon, Streich and Hoeger'),(62,'Lebsack, Wisozk and Stanton'),(29,'Ledner, Breitenberg and Glover'),(45,'Lemke, Watsica and Herzog'),(40,'Leuschke-Morissette'),(52,'Little-Anderson'),(37,'Lowe-Glover'),(67,'Lowe-Krajcik'),(23,'Lubowitz PLC'),(15,'Marvin, Kohler and Hackett'),(9,'Mayer Ltd'),(74,'McDermott, Becker and Roberts'),(21,'Mertz, Raynor and Stokes'),(11,'Mills, Harvey and Mann'),(27,'Monahan LLC'),(87,'Nolan Group'),(80,'O\'Kon-McGlynn'),(83,'Olson PLC'),(24,'Olson, Wehner and Rodriguez'),(96,'Osinski LLC'),(77,'Pacocha-Hauck'),(13,'Pouros, Mosciski and Bradtke'),(69,'Prosacco LLC'),(65,'Purdy-Wisozk'),(55,'Ratke-Daniel'),(54,'Raynor-Larkin'),(79,'Reichert, Langosh and Spinka'),(38,'Reynolds, Waelchi and Bayer'),(20,'Roberts-Grady'),(5,'Roberts, Cruickshank and Watsica'),(57,'Rohan-Runolfsson'),(71,'Rolfson Group'),(17,'Roob-Runolfsdottir'),(90,'Roob, Turcotte and Shanahan'),(75,'Schiller and Sons'),(42,'Schmitt, Lueilwitz and McDermott'),(78,'Schoen, Okuneva and Buckridge'),(91,'Schroeder-Bayer'),(92,'Schuppe, Shanahan and Murazik'),(7,'Smith PLC'),(51,'Tromp, Frami and Parker'),(63,'Ullrich-Kshlerin'),(99,'Von-Spinka'),(22,'Waelchi, Durgan and Bashirian'),(31,'Walker, Beier and VonRueden'),(41,'Walker, Cremin and Mann'),(60,'Walker, Gutkowski and Prosacco'),(82,'Ward-Robel'),(76,'Waters-Dicki'),(16,'Wiegand Group'),(48,'Wilderman PLC'),(2,'Wilderman-Kovacek'),(28,'Wisoky, Swaniawski and Toy'),(10,'Wolf-Beatty');
/*!40000 ALTER TABLE `brand` ENABLE KEYS */;
UNLOCK TABLES;

--
-- Table structure for table `catalog`
--

DROP TABLE IF EXISTS `catalog`;
/*!40101 SET @saved_cs_client     = @@character_set_client */;
/*!40101 SET character_set_client = utf8 */;
CREATE TABLE `catalog` (
  `id` int(10) unsigned NOT NULL AUTO_INCREMENT,
  `name` varchar(100) COLLATE utf8mb4_unicode_ci DEFAULT NULL,
  PRIMARY KEY (`id`),
  UNIQUE KEY `name_UNIQUE` (`name`)
) ENGINE=InnoDB AUTO_INCREMENT=31 DEFAULT CHARSET=utf8mb4 COLLATE=utf8mb4_unicode_ci;
/*!40101 SET character_set_client = @saved_cs_client */;

--
-- Dumping data for table `catalog`
--

LOCK TABLES `catalog` WRITE;
/*!40000 ALTER TABLE `catalog` DISABLE KEYS */;
INSERT INTO `catalog` VALUES (14,'accusamus'),(22,'blanditiis'),(18,'consequatur'),(12,'culpa'),(9,'cupiditate'),(6,'deleniti'),(26,'dolorem'),(30,'eligendi'),(1,'et'),(27,'facere'),(10,'id'),(8,'illo'),(25,'iure'),(19,'laudantium'),(15,'maxime'),(16,'molestias'),(11,'nemo'),(23,'nulla'),(20,'odit'),(29,'perferendis'),(17,'quae'),(13,'quaerat'),(5,'qui'),(7,'quia'),(2,'quisquam'),(4,'repellat'),(3,'soluta'),(28,'suscipit'),(24,'temporibus'),(21,'voluptas');
/*!40000 ALTER TABLE `catalog` ENABLE KEYS */;
UNLOCK TABLES;

--
-- Table structure for table `countru`
--

DROP TABLE IF EXISTS `countru`;
/*!40101 SET @saved_cs_client     = @@character_set_client */;
/*!40101 SET character_set_client = utf8 */;
CREATE TABLE `countru` (
  `id` int(10) unsigned NOT NULL AUTO_INCREMENT,
  `countru` varchar(45) COLLATE utf8mb4_unicode_ci DEFAULT NULL,
  PRIMARY KEY (`id`),
  UNIQUE KEY `id_UNIQUE` (`countru`,`id`),
  UNIQUE KEY `countru_UNIQUE` (`countru`)
) ENGINE=InnoDB AUTO_INCREMENT=31 DEFAULT CHARSET=utf8mb4 COLLATE=utf8mb4_unicode_ci;
/*!40101 SET character_set_client = @saved_cs_client */;

--
-- Dumping data for table `countru`
--

LOCK TABLES `countru` WRITE;
/*!40000 ALTER TABLE `countru` DISABLE KEYS */;
INSERT INTO `countru` VALUES (8,'Anguilla'),(2,'Antigua and Barbuda'),(18,'Armenia'),(10,'Bosnia and Herzegovina'),(16,'Brunei Darussalam'),(17,'Bulgaria'),(9,'Dominica'),(13,'Fiji'),(12,'Finland'),(14,'French Guiana'),(15,'Guyana'),(6,'Iran'),(24,'Macao'),(3,'Madagascar'),(11,'Malaysia'),(1,'Martinique'),(27,'Mayotte'),(21,'Micronesia'),(7,'Mozambique'),(5,'Netherlands Antilles'),(19,'Norfolk Island'),(4,'Paraguay'),(25,'Samoa'),(22,'Seychelles'),(20,'Slovakia (Slovak Republic)'),(29,'Slovenia'),(23,'Tajikistan'),(28,'Thailand'),(30,'Turkmenistan'),(26,'Vietnam');
/*!40000 ALTER TABLE `countru` ENABLE KEYS */;
UNLOCK TABLES;

--
-- Table structure for table `discounts`
--

DROP TABLE IF EXISTS `discounts`;
/*!40101 SET @saved_cs_client     = @@character_set_client */;
/*!40101 SET character_set_client = utf8 */;
CREATE TABLE `discounts` (
  `profiles_users_id` int(10) unsigned NOT NULL,
  `discount` float DEFAULT NULL,
  `started_at` date DEFAULT NULL,
  `finished_at` date DEFAULT NULL,
  `created_at` datetime NOT NULL DEFAULT current_timestamp(),
  `updated_at` datetime DEFAULT NULL,
  PRIMARY KEY (`profiles_users_id`),
  KEY `fk_discounts_profiles1_idx` (`profiles_users_id`),
  CONSTRAINT `fk_discounts_profiles1` FOREIGN KEY (`profiles_users_id`) REFERENCES `profiles` (`users_id`)
) ENGINE=InnoDB DEFAULT CHARSET=utf8mb4 COLLATE=utf8mb4_unicode_ci;
/*!40101 SET character_set_client = @saved_cs_client */;

--
-- Dumping data for table `discounts`
--

LOCK TABLES `discounts` WRITE;
/*!40000 ALTER TABLE `discounts` DISABLE KEYS */;
INSERT INTO `discounts` VALUES (1,5,'2006-10-22','1984-12-29','1985-12-10 10:06:48','1979-07-24 03:49:01'),(2,3,'1974-06-29','1971-12-18','1994-07-05 21:28:09','1974-02-18 09:13:02'),(3,8,'1987-07-10','2020-02-05','2018-08-13 05:20:56','0000-00-00 00:00:00'),(4,38,'1971-08-13','1992-01-30','2012-11-05 21:54:56','1988-10-25 19:13:46'),(5,10,'1979-06-16','1985-11-14','2015-12-27 05:40:04','2004-07-29 23:49:11'),(6,38,'1991-01-26','1986-08-09','2013-05-14 17:18:12','0000-00-00 00:00:00'),(7,11,'1993-03-18','1974-05-23','1999-07-23 00:02:41','0000-00-00 00:00:00'),(8,25,'1992-11-09','1990-09-20','2001-01-10 12:50:58','0000-00-00 00:00:00'),(9,42,'1977-11-07','1988-05-13','1987-02-02 22:14:42','0000-00-00 00:00:00'),(10,50,'1978-11-29','2006-04-11','1983-03-16 10:55:18','0000-00-00 00:00:00'),(11,37,'1982-04-30','1977-12-25','1991-09-10 23:38:51','0000-00-00 00:00:00'),(12,16,'1988-01-15','1978-11-14','2005-08-06 10:16:27','0000-00-00 00:00:00'),(13,9,'2002-02-11','1975-09-06','1994-07-11 18:28:24','1975-05-05 18:22:29'),(14,42,'2014-03-16','1982-11-06','1973-09-09 06:34:18','1989-11-23 01:36:11'),(15,15,'2008-11-04','2002-12-02','1990-06-18 07:33:40','0000-00-00 00:00:00'),(16,44,'1996-09-06','1995-08-20','2009-07-23 08:47:37','0000-00-00 00:00:00'),(17,5,'2018-12-20','2009-10-16','1996-08-13 16:02:56','0000-00-00 00:00:00'),(18,49,'2001-05-01','2006-06-29','1976-11-14 03:33:43','1976-10-21 14:12:45'),(19,39,'1982-11-23','2000-04-12','1997-09-13 13:51:59','1990-11-06 02:53:53'),(20,27,'2001-01-12','1997-05-28','2012-09-17 22:08:15','1980-04-27 12:20:51'),(21,46,'1997-11-25','1983-08-17','1972-07-29 15:07:50','0000-00-00 00:00:00'),(22,22,'1998-06-23','2008-10-26','2019-02-11 17:36:29','0000-00-00 00:00:00'),(23,15,'1985-03-21','1983-06-27','2002-05-29 20:54:11','0000-00-00 00:00:00'),(24,28,'1994-10-23','1980-09-24','1984-07-30 08:55:42','2009-08-20 15:52:40'),(25,19,'1992-04-30','2005-09-22','1980-09-22 12:55:57','2017-12-19 07:08:45'),(26,29,'2013-03-05','1990-09-20','1998-03-14 10:46:17','0000-00-00 00:00:00'),(27,5,'2010-03-27','1976-06-09','1971-06-07 06:13:32','1971-06-14 04:02:48'),(28,11,'2011-07-31','2003-02-12','1996-10-25 10:21:35','1975-02-08 12:50:10'),(29,9,'2010-10-26','1971-08-10','1988-06-18 10:47:40','1997-01-26 19:31:17'),(30,36,'1995-01-19','1997-01-15','1972-01-05 20:51:27','1985-04-29 12:51:18');
/*!40000 ALTER TABLE `discounts` ENABLE KEYS */;
UNLOCK TABLES;

--
-- Table structure for table `likes`
--

DROP TABLE IF EXISTS `likes`;
/*!40101 SET @saved_cs_client     = @@character_set_client */;
/*!40101 SET character_set_client = utf8 */;
CREATE TABLE `likes` (
  `users_id` int(10) unsigned NOT NULL,
  `rewiews_id` int(10) unsigned DEFAULT NULL,
  `product_id` int(10) unsigned DEFAULT NULL,
  UNIQUE KEY `index1` (`users_id`,`rewiews_id`),
  UNIQUE KEY `index2` (`users_id`,`product_id`),
  KEY `fk_likes_rewiews1_idx` (`rewiews_id`),
  KEY `fk_likes_product1_idx` (`product_id`),
  CONSTRAINT `fk_likes_product1` FOREIGN KEY (`product_id`) REFERENCES `product` (`id`),
  CONSTRAINT `fk_likes_rewiews1` FOREIGN KEY (`rewiews_id`) REFERENCES `rewiews` (`id`),
  CONSTRAINT `fk_likes_users1` FOREIGN KEY (`users_id`) REFERENCES `users` (`id`)
) ENGINE=InnoDB DEFAULT CHARSET=utf8mb4 COLLATE=utf8mb4_unicode_ci;
/*!40101 SET character_set_client = @saved_cs_client */;

--
-- Dumping data for table `likes`
--

LOCK TABLES `likes` WRITE;
/*!40000 ALTER TABLE `likes` DISABLE KEYS */;
INSERT INTO `likes` VALUES (26,12,128),(188,1,15),(111,3,38),(17,25,188),(45,12,191),(131,28,79),(8,2,78),(166,27,30),(45,19,51),(128,24,175),(158,28,50),(85,26,56),(100,12,71),(137,15,31),(124,21,108),(115,11,89),(194,12,98),(71,7,77),(101,14,198),(152,3,152),(127,26,132),(176,9,100),(32,24,178),(102,14,72),(132,3,12),(40,20,82),(128,19,159),(25,30,2),(102,15,89),(99,8,104),(51,27,77),(183,23,134),(82,28,90),(59,13,182),(131,3,199),(142,8,130),(23,28,56),(182,1,52),(183,17,149),(72,1,197),(52,6,122),(185,19,103),(75,27,185),(56,17,198),(55,8,51),(184,12,31),(39,9,36),(91,6,143),(39,17,149),(36,13,5),(7,21,44),(30,30,143),(14,8,53),(12,16,104),(62,14,178),(93,20,34),(128,3,72),(70,9,182),(19,14,67),(23,15,4),(67,4,125),(30,9,121),(173,11,172),(26,13,78),(129,22,167),(107,6,96),(140,25,114),(11,5,171),(192,8,63),(58,11,161),(62,21,187),(186,26,43),(107,22,112),(79,26,193),(156,15,135),(123,1,169),(18,22,131),(132,23,163),(102,22,13),(164,1,86),(125,10,26),(111,8,195),(153,24,137),(65,6,104),(57,29,200),(191,17,2),(160,20,144),(91,10,96),(53,25,40),(66,20,42),(151,8,105),(176,25,154),(171,18,109),(107,27,143),(11,6,133),(10,4,46),(12,28,177),(155,12,38);
/*!40000 ALTER TABLE `likes` ENABLE KEYS */;
UNLOCK TABLES;

--
-- Table structure for table `media`
--

DROP TABLE IF EXISTS `media`;
/*!40101 SET @saved_cs_client     = @@character_set_client */;
/*!40101 SET character_set_client = utf8 */;
CREATE TABLE `media` (
  `id` int(10) unsigned NOT NULL AUTO_INCREMENT,
  `type_media_id` int(10) unsigned NOT NULL,
  `name` varchar(200) COLLATE utf8mb4_unicode_ci NOT NULL,
  `url` varchar(245) COLLATE utf8mb4_unicode_ci DEFAULT NULL,
  `blob` blob DEFAULT NULL,
  `size` bigint(20) NOT NULL DEFAULT 0,
  `metadata` longtext CHARACTER SET utf8mb4 COLLATE utf8mb4_bin DEFAULT NULL CHECK (json_valid(`metadata`)),
  PRIMARY KEY (`id`),
  KEY `fk_media_type_media1_idx` (`type_media_id`),
  CONSTRAINT `fk_media_type_media1` FOREIGN KEY (`type_media_id`) REFERENCES `type_media` (`id`)
) ENGINE=InnoDB AUTO_INCREMENT=101 DEFAULT CHARSET=utf8mb4 COLLATE=utf8mb4_unicode_ci;
/*!40101 SET character_set_client = @saved_cs_client */;

--
-- Dumping data for table `media`
--

LOCK TABLES `media` WRITE;
/*!40000 ALTER TABLE `media` DISABLE KEYS */;
INSERT INTO `media` VALUES (1,1,'application/vnd.wt.stf','http://www.keebler.com/',NULL,546846,NULL),(2,2,'audio/x-flac','http://www.durgan.com/',NULL,73321514,NULL),(3,3,'audio/webm','http://www.nitzschehirthe.com/',NULL,171442148,NULL),(4,1,'application/rss+xml','http://www.zemlakgorczany.com/',NULL,73,NULL),(5,2,'video/mj2','http://www.witting.net/',NULL,4,NULL),(6,3,'application/vnd.umajin','http://www.corwin.com/',NULL,3,NULL),(7,1,'application/x-x509-ca-cert','http://www.roobswift.info/',NULL,8635720,NULL),(8,2,'video/x-f4v','http://www.considine.biz/',NULL,27304880,NULL),(9,3,'video/x-msvideo','http://www.handboyle.net/',NULL,304,NULL),(10,1,'application/vnd.rn-realmedia','http://www.johnston.com/',NULL,723867740,NULL),(11,2,'application/vnd.unity','http://lockman.net/',NULL,30,NULL),(12,3,'application/vnd.kde.karbon','http://hamilldouglas.info/',NULL,19,NULL),(13,1,'application/x-shockwave-flash','http://www.mcdermott.org/',NULL,813,NULL),(14,2,'application/x-x509-ca-cert','http://www.vonrueden.com/',NULL,9499184,NULL),(15,3,'application/x-freearc','http://www.kozey.biz/',NULL,10862837,NULL),(16,1,'video/x-ms-asf','http://mclaughlinboyle.com/',NULL,8845539,NULL),(17,2,'application/vnd.epson.salt','http://www.damoretromp.com/',NULL,639940,NULL),(18,3,'video/vnd.dece.hd','http://tremblaybogan.com/',NULL,9699116,NULL),(19,1,'application/vnd.oasis.opendocument.database','http://www.denesik.biz/',NULL,11987243,NULL),(20,2,'image/x-pict','http://www.gerlach.com/',NULL,4,NULL),(21,3,'application/vnd.ms-artgalry','http://zieme.info/',NULL,585939,NULL),(22,1,'application/vnd.openxmlformats-officedocument.presentationml.slideshow','http://nitzsche.com/',NULL,78,NULL),(23,2,'application/vnd.oasis.opendocument.text','http://www.berge.com/',NULL,266,NULL),(24,3,'application/vnd.tmobile-livetv','http://www.stanton.info/',NULL,788,NULL),(25,1,'application/ecmascript','http://www.bradtke.net/',NULL,605637,NULL),(26,2,'application/xv+xml','http://herzoggaylord.net/',NULL,15895,NULL),(27,3,'application/vnd.oasis.opendocument.text-master','http://mayert.org/',NULL,8447,NULL),(28,1,'application/vnd.llamagraphics.life-balance.exchange+xml','http://www.schmelerward.org/',NULL,7812,NULL),(29,2,'image/vnd.fpx','http://www.spinkacruickshank.net/',NULL,9297072,NULL),(30,3,'application/vnd.oasis.opendocument.image-template','http://herzog.com/',NULL,824023895,NULL),(31,1,'application/x-tar','http://monahan.com/',NULL,948126,NULL),(32,2,'application/vnd.lotus-freelance','http://www.dach.com/',NULL,7,NULL),(33,3,'video/vnd.vivo','http://www.schuppekunde.com/',NULL,4012054,NULL),(34,1,'application/vnd.dreamfactory','http://www.townecorwin.net/',NULL,9,NULL),(35,2,'application/vnd.openxmlformats-officedocument.presentationml.slide','http://www.wolff.com/',NULL,51521,NULL),(36,3,'image/tiff','http://kovacek.com/',NULL,1543402,NULL),(37,1,'application/vnd.adobe.air-application-installer-package+zip','http://kerluke.com/',NULL,67,NULL),(38,2,'video/h264','http://trantow.com/',NULL,763373652,NULL),(39,3,'application/vnd.dart','http://www.mueller.biz/',NULL,6,NULL),(40,1,'application/widget','http://www.nienow.biz/',NULL,107842,NULL),(41,2,'application/lost+xml','http://www.abernathyhammes.com/',NULL,436285761,NULL),(42,3,'application/vnd.kinar','http://www.nikolaus.com/',NULL,506,NULL),(43,1,'application/winhlp','http://www.turcotte.com/',NULL,85847829,NULL),(44,2,'image/vnd.dvb.subtitle','http://medhurst.com/',NULL,425,NULL),(45,3,'application/vnd.dece.unspecified','http://www.heidenreichconnelly.info/',NULL,4928,NULL),(46,1,'application/vnd.oasis.opendocument.text','http://www.haag.com/',NULL,2739,NULL),(47,2,'application/vnd.rig.cryptonote','http://hane.org/',NULL,7106663,NULL),(48,3,'application/vnd.openxmlformats-officedocument.spreadsheetml.template','http://medhurstwintheiser.com/',NULL,31,NULL),(49,1,'application/vnd.lotus-organizer','http://www.treutelwintheiser.info/',NULL,4129,NULL),(50,2,'video/vnd.dece.video','http://www.lubowitz.net/',NULL,9438,NULL),(51,3,'video/ogg','http://bergnaumgusikowski.net/',NULL,1,NULL),(52,1,'text/vnd.in3d.3dml','http://www.boylebuckridge.com/',NULL,3122,NULL),(53,2,'video/vnd.dece.hd','http://kuvalis.com/',NULL,94218040,NULL),(54,3,'application/x-rar-compressed','http://www.denesik.biz/',NULL,7,NULL),(55,1,'application/mets+xml','http://www.hammes.biz/',NULL,33887,NULL),(56,2,'text/uri-list','http://www.kosscummerata.com/',NULL,9,NULL),(57,3,'image/vnd.adobe.photoshop','http://www.larsonvandervort.com/',NULL,44603717,NULL),(58,1,'audio/midi','http://www.runolfsson.com/',NULL,601295284,NULL),(59,2,'application/vnd.ezpix-album','http://marvinohara.com/',NULL,9437,NULL),(60,3,'image/prs.btif','http://www.blandaboehm.net/',NULL,89,NULL),(61,1,'application/x-latex','http://gerholdwaelchi.com/',NULL,75,NULL),(62,2,'text/x-vcalendar','http://www.aufderharcollier.com/',NULL,549432836,NULL),(63,3,'application/vnd.fdsn.mseed','http://www.smith.net/',NULL,88,NULL),(64,1,'application/vnd.openxmlformats-officedocument.presentationml.template','http://gutmann.com/',NULL,5493,NULL),(65,2,'video/mpeg','http://reynolds.info/',NULL,2002,NULL),(66,3,'image/x-mrsid-image','http://www.barrows.com/',NULL,4,NULL),(67,1,'application/vnd.ms-powerpoint.template.macroenabled.12','http://www.will.com/',NULL,0,NULL),(68,2,'application/vnd.epson.quickanime','http://www.strosin.com/',NULL,0,NULL),(69,3,'model/mesh','http://www.bogisich.info/',NULL,654,NULL),(70,1,'application/zip','http://zboncak.info/',NULL,7,NULL),(71,2,'application/vnd.wap.wmlc','http://donnellyzieme.net/',NULL,0,NULL),(72,3,'application/vnd.ms-powerpoint.template.macroenabled.12','http://beatty.net/',NULL,0,NULL),(73,1,'application/wsdl+xml','http://www.mitchellhickle.com/',NULL,0,NULL),(74,2,'image/x-portable-bitmap','http://greenfelder.net/',NULL,93,NULL),(75,3,'application/x-xfig','http://armstrongbuckridge.com/',NULL,7,NULL),(76,1,'video/x-sgi-movie','http://gusikowski.info/',NULL,35898993,NULL),(77,2,'application/vnd.openxmlformats-officedocument.wordprocessingml.template','http://huel.org/',NULL,0,NULL),(78,3,'application/vnd.kidspiration','http://www.konopelskikreiger.biz/',NULL,24667984,NULL),(79,1,'application/x-ms-wmd','http://frami.info/',NULL,2909,NULL),(80,2,'application/mets+xml','http://www.labadiecormier.com/',NULL,3,NULL),(81,3,'image/vnd.fujixerox.edmics-rlc','http://beerernser.net/',NULL,63836253,NULL),(82,1,'application/vnd.kde.kchart','http://www.harrisnikolaus.com/',NULL,314602,NULL),(83,2,'application/x-mie','http://ortiz.com/',NULL,327177091,NULL),(84,3,'model/vnd.gtw','http://cole.org/',NULL,20,NULL),(85,1,'application/vnd.fluxtime.clip','http://howehilpert.org/',NULL,9,NULL),(86,2,'application/vnd.epson.quickanime','http://kuhlman.com/',NULL,3952895,NULL),(87,3,'model/vnd.gdl','http://schiller.biz/',NULL,0,NULL),(88,1,'image/x-portable-bitmap','http://kiehn.com/',NULL,8042365,NULL),(89,2,'application/x-tar','http://kirlinspencer.net/',NULL,3861407,NULL),(90,3,'text/troff','http://www.roob.biz/',NULL,145631054,NULL),(91,1,'application/x-xliff+xml','http://stokes.org/',NULL,0,NULL),(92,2,'application/vnd.data-vision.rdz','http://marvin.net/',NULL,814895,NULL),(93,3,'application/x-wais-source','http://www.casperhartmann.com/',NULL,6,NULL),(94,1,'text/n3','http://www.lebsackmann.biz/',NULL,192792200,NULL),(95,2,'application/x-msbinder','http://www.schmitt.net/',NULL,0,NULL),(96,3,'application/vnd.ms-fontobject','http://www.lubowitzblock.com/',NULL,127,NULL),(97,1,'application/mets+xml','http://www.altenwerthcrona.com/',NULL,683324,NULL),(98,2,'application/vnd.trid.tpt','http://schaden.com/',NULL,1742,NULL),(99,3,'image/x-mrsid-image','http://www.schamberger.com/',NULL,70032,NULL),(100,1,'application/vnd.kde.kformula','http://www.stanton.com/',NULL,131298445,NULL);
/*!40000 ALTER TABLE `media` ENABLE KEYS */;
UNLOCK TABLES;

--
-- Table structure for table `order_products`
--

DROP TABLE IF EXISTS `order_products`;
/*!40101 SET @saved_cs_client     = @@character_set_client */;
/*!40101 SET character_set_client = utf8 */;
CREATE TABLE `order_products` (
  `orders_id` int(10) unsigned NOT NULL,
  `product_id` int(10) unsigned NOT NULL,
  `count_prod` int(11) NOT NULL DEFAULT 0,
  `price` decimal(11,2) NOT NULL DEFAULT 0.00,
  PRIMARY KEY (`orders_id`),
  KEY `fk_order_products_orders1_idx` (`orders_id`),
  KEY `fk_order_products_product1_idx` (`product_id`),
  CONSTRAINT `fk_order_products_orders1` FOREIGN KEY (`orders_id`) REFERENCES `orders` (`id`),
  CONSTRAINT `fk_order_products_product1` FOREIGN KEY (`product_id`) REFERENCES `product` (`id`)
) ENGINE=InnoDB DEFAULT CHARSET=utf8mb4 COLLATE=utf8mb4_unicode_ci;
/*!40101 SET character_set_client = @saved_cs_client */;

--
-- Dumping data for table `order_products`
--

LOCK TABLES `order_products` WRITE;
/*!40000 ALTER TABLE `order_products` DISABLE KEYS */;
INSERT INTO `order_products` VALUES (1,34,9,2331.88),(2,189,5,98.53),(3,154,4,3871.25),(4,71,4,8031.35),(5,124,2,9609.08),(6,162,9,2531.43),(7,72,6,16578.25),(8,102,1,14563.60),(9,101,1,18896.47),(10,52,2,17230.05),(11,200,9,5388.18),(12,86,3,3023.11),(13,14,4,13107.15),(14,101,6,6195.59),(15,98,10,9119.63),(16,39,3,6585.04),(17,8,6,12075.51),(18,149,8,16064.92),(19,21,3,2338.76),(20,61,9,19424.68),(22,125,10,18313.66),(23,58,7,12381.73),(24,170,4,7684.91),(25,80,8,15998.72),(26,67,3,13783.54),(27,89,5,17672.60),(28,117,4,13594.41),(29,162,8,9831.47),(30,73,5,7490.98),(31,14,7,17529.42),(33,23,5,7677.53),(34,130,10,3078.63),(35,187,3,8034.79),(36,52,4,8432.44),(37,115,4,8976.04),(38,105,8,16010.20),(40,1,7,1911.46),(41,185,5,13368.21),(42,162,10,7454.22),(43,44,9,19445.19),(44,141,8,14248.40),(45,34,3,3793.92),(46,51,5,526.48),(47,55,7,2207.72),(48,39,7,3469.07),(49,16,3,9377.88),(50,193,3,4714.79),(51,57,9,18288.14),(52,176,4,2701.14),(53,179,9,15834.03),(54,34,3,12962.63),(55,58,4,16499.33),(56,180,10,15213.14),(57,200,5,14160.80),(58,70,8,19052.06),(59,63,9,2615.45),(60,92,9,2855.05),(61,12,2,17333.23),(62,75,7,11422.43),(63,200,9,13528.42),(64,80,9,2716.43),(65,185,8,7320.67),(66,104,10,3228.69),(67,24,5,11621.13),(68,175,6,4136.16),(69,8,7,15994.08),(70,193,2,12153.15);
/*!40000 ALTER TABLE `order_products` ENABLE KEYS */;
UNLOCK TABLES;

--
-- Table structure for table `orders`
--

DROP TABLE IF EXISTS `orders`;
/*!40101 SET @saved_cs_client     = @@character_set_client */;
/*!40101 SET character_set_client = utf8 */;
CREATE TABLE `orders` (
  `id` int(10) unsigned NOT NULL AUTO_INCREMENT,
  `created_at` datetime NOT NULL,
  `updated_at` datetime DEFAULT NULL,
  `users_id` int(10) unsigned NOT NULL,
  PRIMARY KEY (`id`),
  UNIQUE KEY `id_UNIQUE` (`id`),
  KEY `fk_order_users1_idx` (`users_id`),
  CONSTRAINT `fk_order_users1` FOREIGN KEY (`users_id`) REFERENCES `users` (`id`)
) ENGINE=InnoDB AUTO_INCREMENT=71 DEFAULT CHARSET=utf8mb4 COLLATE=utf8mb4_unicode_ci;
/*!40101 SET character_set_client = @saved_cs_client */;

--
-- Dumping data for table `orders`
--

LOCK TABLES `orders` WRITE;
/*!40000 ALTER TABLE `orders` DISABLE KEYS */;
INSERT INTO `orders` VALUES (1,'2018-08-02 06:29:56','2002-01-17 02:38:34',4),(2,'2015-09-01 23:26:38','2014-07-20 14:16:38',8),(3,'1976-11-30 10:18:51','1989-07-22 19:20:57',15),(4,'2009-01-07 02:10:14','1978-08-29 21:43:32',6),(5,'1977-08-12 02:36:58','1990-02-10 20:16:21',148),(6,'2006-12-11 03:02:52','2014-08-28 17:02:13',26),(7,'1997-08-21 20:10:44','2002-09-18 10:24:55',22),(8,'2003-05-01 20:56:13','1977-03-10 08:13:22',107),(9,'2010-02-22 22:17:52','2013-05-29 21:00:02',169),(10,'2002-02-12 03:30:06','1979-09-11 21:41:33',157),(11,'1999-05-25 02:15:13','2005-07-26 14:22:07',138),(12,'2014-11-26 01:32:09','2010-02-14 22:46:17',55),(13,'1992-11-02 19:27:02','1999-05-08 21:12:43',171),(14,'1996-02-10 19:25:33','1999-07-14 15:03:51',173),(15,'2001-06-26 06:17:24','2019-03-23 22:20:23',151),(16,'1999-11-04 22:02:22','1976-06-12 14:48:01',35),(17,'1983-06-11 03:49:56','2010-10-02 16:57:11',137),(18,'1973-10-12 15:50:57','1986-09-09 15:17:25',121),(19,'2002-01-17 11:26:05','1996-07-11 18:23:31',180),(20,'2020-06-01 22:02:51','1983-05-16 21:38:45',188),(21,'2010-09-08 11:50:45','2000-06-12 04:19:13',136),(22,'2015-04-03 11:13:14','2018-01-02 23:52:14',141),(23,'2005-08-01 21:15:50','2001-06-08 14:40:38',148),(24,'1999-06-26 03:58:11','2019-05-29 03:21:27',153),(25,'1983-06-14 16:05:39','1981-03-10 16:17:41',65),(26,'2015-11-23 18:38:01','1999-01-04 02:10:00',149),(27,'2005-11-10 15:00:16','1990-09-21 07:31:58',192),(28,'1971-02-20 22:02:19','1998-03-04 04:51:40',52),(29,'2004-01-03 10:49:25','1991-12-08 01:36:00',72),(30,'1970-05-12 22:27:27','2009-02-03 07:40:24',123),(31,'2009-01-23 08:55:11','2016-09-27 09:53:40',22),(32,'2010-04-25 05:13:50','1972-12-26 13:48:39',75),(33,'2001-12-23 22:38:19','2015-11-24 11:13:04',131),(34,'2007-02-04 19:26:34','1972-04-25 09:17:24',36),(35,'2009-06-26 15:34:24','1973-04-02 12:43:55',81),(36,'2002-04-25 15:12:49','2001-07-30 17:30:22',78),(37,'1978-07-27 00:38:10','2005-02-01 19:44:07',62),(38,'1995-04-27 19:34:01','1987-01-22 08:38:03',102),(39,'1989-08-13 03:53:57','1997-09-25 10:19:02',184),(40,'1975-04-07 15:27:36','1976-07-19 07:59:21',31),(41,'1971-07-14 19:25:00','1979-11-26 00:13:16',59),(42,'2004-10-24 09:59:52','1990-04-28 13:47:59',121),(43,'1994-09-14 06:14:10','1984-10-24 02:28:06',85),(44,'1976-10-19 02:21:08','1987-12-17 18:28:11',29),(45,'2012-08-13 16:53:56','1981-06-03 07:22:58',94),(46,'1995-12-11 08:23:04','1996-06-18 15:45:24',35),(47,'1984-06-19 21:22:17','1990-07-12 02:28:31',63),(48,'1977-12-02 17:02:14','2020-09-02 18:12:31',31),(49,'1980-06-05 01:57:42','2004-08-14 00:17:23',156),(50,'2004-04-02 17:28:08','1977-01-19 00:54:50',43),(51,'2005-08-03 21:36:26','2020-11-09 21:53:17',19),(52,'1981-05-23 09:38:48','1970-07-24 19:22:23',92),(53,'1980-04-29 03:11:27','1976-06-12 18:30:17',184),(54,'2010-02-09 23:36:52','2002-09-28 19:16:02',166),(55,'1993-08-11 17:46:57','2014-10-13 16:12:58',45),(56,'1996-03-19 05:04:38','1981-05-16 03:19:47',48),(57,'1980-10-27 17:02:46','2017-01-25 07:22:49',114),(58,'2011-05-19 04:00:39','2019-05-12 06:16:22',37),(59,'1995-01-14 10:18:57','2008-04-14 00:10:37',100),(60,'1983-04-25 02:54:31','2017-10-17 06:35:22',186),(61,'1974-03-26 12:28:59','2019-05-11 12:45:31',159),(62,'2008-08-20 23:26:27','2010-04-21 14:02:17',121),(63,'2020-12-11 05:33:47','1982-03-06 01:21:35',60),(64,'1970-04-09 07:33:27','2002-01-11 02:27:34',89),(65,'1992-03-22 12:58:30','1992-07-04 07:03:11',157),(66,'1975-11-23 08:02:20','2006-05-16 12:58:40',140),(67,'1980-09-06 17:33:49','1975-05-23 07:42:07',167),(68,'1997-08-20 18:23:50','2015-12-22 05:01:46',19),(69,'1970-10-21 17:42:48','1987-05-25 11:41:04',42),(70,'1990-04-05 09:54:24','2008-11-03 06:22:00',151);
/*!40000 ALTER TABLE `orders` ENABLE KEYS */;
UNLOCK TABLES;

--
-- Table structure for table `product`
--

DROP TABLE IF EXISTS `product`;
/*!40101 SET @saved_cs_client     = @@character_set_client */;
/*!40101 SET character_set_client = utf8 */;
CREATE TABLE `product` (
  `id` int(10) unsigned NOT NULL AUTO_INCREMENT,
  `catalog_id` int(10) unsigned NOT NULL,
  `countru_id` int(10) unsigned NOT NULL,
  `section_id` int(10) unsigned NOT NULL,
  `brand_id` int(10) unsigned NOT NULL,
  `media_id` int(10) unsigned NOT NULL,
  `name` varchar(45) COLLATE utf8mb4_unicode_ci DEFAULT NULL,
  `description` text COLLATE utf8mb4_unicode_ci DEFAULT NULL,
  `decode` bigint(20) NOT NULL COMMENT 'штрих код',
  `price` decimal(8,2) NOT NULL COMMENT 'цена',
  `created_at` datetime NOT NULL,
  `updated_at` datetime DEFAULT NULL,
  PRIMARY KEY (`id`),
  UNIQUE KEY `id_UNIQUE` (`id`),
  KEY `fk_product_catalog1_idx` (`catalog_id`),
  KEY `fk_product_countru1_idx` (`countru_id`),
  KEY `fk_product_section1_idx` (`section_id`),
  KEY `fk_product_brand1_idx` (`brand_id`),
  KEY `fk_product_media1_idx` (`media_id`),
  CONSTRAINT `fk_product_brand1` FOREIGN KEY (`brand_id`) REFERENCES `brand` (`id`),
  CONSTRAINT `fk_product_catalog1` FOREIGN KEY (`catalog_id`) REFERENCES `catalog` (`id`),
  CONSTRAINT `fk_product_countru1` FOREIGN KEY (`countru_id`) REFERENCES `countru` (`id`),
  CONSTRAINT `fk_product_media1` FOREIGN KEY (`media_id`) REFERENCES `media` (`id`),
  CONSTRAINT `fk_product_section1` FOREIGN KEY (`section_id`) REFERENCES `section` (`id`)
) ENGINE=InnoDB AUTO_INCREMENT=201 DEFAULT CHARSET=utf8mb4 COLLATE=utf8mb4_unicode_ci;
/*!40101 SET character_set_client = @saved_cs_client */;

--
-- Dumping data for table `product`
--

LOCK TABLES `product` WRITE;
/*!40000 ALTER TABLE `product` DISABLE KEYS */;
INSERT INTO `product` VALUES (1,1,1,1,1,1,'officia','Quia assumenda aut qui corrupti. Maxime veritatis aut perspiciatis repellat. Omnis odio aut sunt veniam.',0,4280.45,'2007-11-24 17:12:58','0000-00-00 00:00:00'),(2,2,2,2,2,2,'tempore','Aut nemo fugit nihil corporis qui. In qui ducimus at tenetur ducimus distinctio cupiditate. Doloremque sint eos quae et quia animi nemo. Veniam voluptatibus cumque eius earum ut fuga. Rerum quo consequatur aut eaque saepe facere qui.',0,3050.23,'2020-07-30 18:03:11','1992-05-01 20:46:01'),(3,3,3,3,3,3,'minima','Sed explicabo et ipsum beatae nihil. Sequi quaerat est est et. Ipsum quo sit itaque asperiores.',0,2231.80,'1981-02-22 08:41:33','1979-05-02 15:33:32'),(4,4,4,4,4,4,'esse','Id et nobis enim impedit aliquam. Explicabo quo nostrum nemo. Rerum excepturi et voluptas eos eius deserunt minima.',0,9230.61,'2005-11-10 16:39:02','1989-06-06 13:18:01'),(5,5,5,5,5,5,'provident','Quidem fuga et molestiae. Delectus soluta deserunt quos quod. Reiciendis in molestiae sed ab vero dignissimos molestiae.',0,5109.47,'1980-07-01 16:00:26','1981-06-07 05:54:19'),(6,6,6,6,6,6,'et','Est id ea aut cumque praesentium qui. Doloremque reiciendis sunt minus. Consequatur qui ex a sunt aspernatur repellendus necessitatibus.',0,3693.44,'2016-10-09 14:51:59','0000-00-00 00:00:00'),(7,7,7,7,7,7,'ratione','Aliquam necessitatibus ut alias. Aut ipsa nisi perspiciatis rerum est cupiditate eos et. Odio quidem velit asperiores rem iure sed ipsum.',0,6947.19,'2003-04-17 22:39:09','2003-03-25 11:25:02'),(8,8,8,8,8,8,'perspiciatis','Ut vel dolores qui unde ut qui et. Consequatur sed enim et quis aperiam. Incidunt amet ut iure quo molestiae similique. Nobis repellendus illum magnam ut maiores esse.',0,7164.46,'1977-11-04 12:30:46','0000-00-00 00:00:00'),(9,9,9,9,9,9,'vitae','Quis eveniet accusamus dolorem. Repellat cum commodi omnis rem tempora repellat. Enim et iste necessitatibus blanditiis. Nesciunt quasi officiis sint eos voluptas quia officiis assumenda.',0,8661.19,'1971-10-26 10:37:42','0000-00-00 00:00:00'),(10,10,10,10,10,10,'quia','Necessitatibus in repudiandae nam pariatur tenetur mollitia ducimus sed. Optio voluptatem nulla amet cumque quis inventore quasi laudantium. Ut quia qui eaque sapiente quod dicta. Aliquam ea recusandae quisquam nulla nobis sit voluptatum.',0,5706.95,'2000-10-12 14:49:01','0000-00-00 00:00:00'),(11,11,11,11,11,11,'et','Dolores a amet excepturi optio ad officia quasi. Perferendis omnis a est aliquam. Impedit ut qui et veniam. Quia harum consequatur sed dolores.',0,6624.79,'1992-03-25 10:24:02','0000-00-00 00:00:00'),(12,12,12,12,12,12,'nostrum','Nesciunt ducimus quia voluptatem libero tempora aut enim. Provident repellendus in voluptatem. Quos accusamus nisi quis dolore doloribus.',0,919.11,'2006-05-18 02:57:35','2009-02-22 11:59:59'),(13,13,13,13,13,13,'ut','Laudantium molestiae adipisci quod est recusandae laboriosam qui consequatur. Numquam atque sit voluptates nihil. Voluptate non consequatur et et non cupiditate aut sit. Molestias deserunt eos minima itaque.',0,1819.69,'2009-07-16 15:48:05','2020-10-17 16:49:04'),(14,14,14,14,14,14,'quam','Alias excepturi mollitia earum placeat est et sequi asperiores. Velit accusamus animi est quae natus autem. Sit nesciunt ullam a sit. Nulla nihil quae itaque autem omnis.',0,1538.31,'1977-07-09 20:34:14','0000-00-00 00:00:00'),(15,15,15,15,15,15,'molestias','Qui molestiae occaecati et sequi sequi vero suscipit. Rerum aliquid et molestiae unde nihil. Ut ex et voluptatem aut velit asperiores. Tempore expedita modi rerum et aut dolores. Ut veritatis deleniti iure hic earum.',0,1425.13,'2016-12-14 16:39:53','1987-11-23 20:57:05'),(16,16,16,16,16,16,'asperiores','Soluta ex totam aliquid rerum aspernatur. Delectus aliquid voluptate laborum aut quia. Ullam nobis recusandae iure ex qui quisquam ut. Quas qui aut est corrupti quidem minus recusandae.',0,5195.04,'1979-01-05 04:44:56','2002-05-24 00:57:46'),(17,17,17,17,17,17,'debitis','Est blanditiis ut atque. Commodi quaerat sed ipsam veniam sit ut eligendi officia. Enim et autem cupiditate minus. Vero et ullam sed.',0,5574.92,'2000-02-01 23:59:47','0000-00-00 00:00:00'),(18,18,18,18,18,18,'error','Explicabo natus in porro numquam. Eligendi ad vel sit est eligendi. Repellendus nemo voluptatem at commodi saepe ducimus fugit blanditiis. Explicabo vel dicta reiciendis id modi delectus.',0,2775.64,'2008-10-20 00:45:39','0000-00-00 00:00:00'),(19,19,19,19,19,19,'excepturi','Quia necessitatibus qui consequatur enim suscipit. Dicta eum similique minus est quam qui voluptatum cum. Consectetur id ipsum fugit ut distinctio libero.',0,9707.13,'2000-09-03 10:57:26','1972-05-18 15:39:06'),(20,20,20,20,20,20,'id','Laudantium libero sequi similique quis beatae. Quo repellendus rerum repudiandae ut.',0,4592.85,'2008-06-15 16:07:44','1975-08-15 11:34:47'),(21,21,21,21,21,21,'ad','Similique esse et qui sit eaque enim non. Et assumenda non ea sit voluptatem laudantium odit. Aut voluptatem modi voluptatem animi modi.',0,7327.13,'1985-10-07 06:26:44','0000-00-00 00:00:00'),(22,22,22,22,22,22,'suscipit','Expedita voluptatem incidunt sed quia. Quo ea rerum quo autem eum est quod non. Quia sapiente alias et modi eos explicabo. Voluptatem illum accusamus expedita cum.',0,9788.29,'1997-10-12 04:56:55','2000-08-09 03:42:41'),(23,23,23,23,23,23,'reiciendis','Ut non et commodi corporis eveniet. Sequi necessitatibus non illo. Voluptate aperiam molestias iure consequatur esse sed.',0,91.24,'1972-09-12 05:24:49','0000-00-00 00:00:00'),(24,24,24,24,24,24,'expedita','Qui quam voluptatem assumenda quidem vel debitis in. Deleniti fugiat quia neque vero minus sapiente. Qui officiis nihil doloremque qui molestias et.',0,5295.11,'1980-09-25 01:21:13','0000-00-00 00:00:00'),(25,25,25,25,25,25,'et','Quidem numquam aut saepe atque placeat. Et facilis qui vel vitae esse quod. Veritatis officia exercitationem assumenda neque est et. Vel ex ut molestias omnis cumque impedit.',0,2910.40,'2017-12-31 13:37:10','0000-00-00 00:00:00'),(26,26,26,26,26,26,'praesentium','Molestiae quo assumenda minus occaecati est. Perferendis omnis doloremque ut quisquam tenetur enim. Repellat voluptatem non temporibus mollitia.',0,2635.63,'2006-06-12 17:55:28','1999-02-28 10:48:40'),(27,27,27,27,27,27,'consectetur','Non quaerat earum qui quia sint. Eligendi omnis quis dolor velit est velit. Id impedit nihil impedit optio a impedit. Eum et ea dolorem qui aut ullam ea.',0,9137.21,'1999-05-12 22:34:40','0000-00-00 00:00:00'),(28,28,28,28,28,28,'est','Natus aliquam quia dolores. Rerum dolores assumenda fugiat harum. Unde nobis in molestiae.',0,6302.87,'1996-09-01 03:42:07','2018-11-02 13:54:48'),(29,29,29,29,29,29,'enim','Accusamus ut quod quia perferendis natus sed. Molestiae aut a et pariatur et. Quos cupiditate officia atque eum voluptas corporis dignissimos. Recusandae est est excepturi blanditiis fuga sit est culpa. Odit consectetur unde nisi adipisci quidem.',0,3978.78,'1996-06-11 23:47:01','1989-11-19 12:01:07'),(30,30,30,30,30,30,'eum','Aut eos voluptatem culpa sint quis temporibus voluptatem. Fuga quis veniam vitae consequatur esse. Dignissimos facilis perspiciatis earum et assumenda expedita at.',0,1992.51,'1994-01-27 17:09:36','1977-09-18 21:40:30'),(31,1,1,1,31,31,'tempore','Quos et dolore laboriosam magni rerum officiis laborum laborum. Deserunt nisi eaque amet id culpa culpa deleniti. Consectetur ratione blanditiis debitis enim. Perferendis voluptas sequi commodi maiores deserunt temporibus omnis.',0,2409.73,'1975-01-10 19:56:01','0000-00-00 00:00:00'),(32,2,2,2,32,32,'ut','Officia officiis iusto dolor. Reprehenderit vel quam officiis ut. Veritatis est ut non laboriosam consequuntur eum. Ratione expedita est aut. Dolores velit velit ratione alias.',0,3859.39,'2005-04-03 23:20:44','2019-05-25 12:36:11'),(33,3,3,3,33,33,'fugiat','Est quaerat sint aspernatur molestias nostrum. Magnam et cumque cupiditate et unde et beatae. In atque soluta aliquam. Sunt blanditiis nulla ipsum sint est optio praesentium.',0,4911.38,'1975-10-21 08:44:03','0000-00-00 00:00:00'),(34,4,4,4,34,34,'sapiente','Nobis iure est earum explicabo odit nobis voluptas. Quia quia porro et id et dolore ab. Nisi tempora explicabo voluptatem quia. Saepe praesentium eos in commodi facere neque. Error itaque quas dolores et molestiae perferendis.',0,4475.74,'1993-01-03 15:14:41','0000-00-00 00:00:00'),(35,5,5,5,35,35,'ut','Est placeat cupiditate ipsum et voluptatibus. Qui ullam eum ipsum sint soluta. Non qui totam a facilis. Ut vel quod quia id eius nesciunt quam quos.',0,8944.49,'2003-02-11 14:29:02','1995-10-30 08:16:49'),(36,6,6,6,36,36,'ipsam','Iusto a quisquam et. Modi dolores aut dolore quia consectetur eos molestias. Magnam aut est maxime ducimus. Cumque eos quas quos.',0,7406.09,'1984-10-06 05:57:27','2002-10-08 13:30:40'),(37,7,7,7,37,37,'consequatur','Molestiae delectus blanditiis ratione consequatur. Aliquam sapiente aperiam quo itaque deleniti velit. Dignissimos distinctio nemo similique hic alias saepe possimus.',0,5838.28,'2009-08-12 08:03:59','0000-00-00 00:00:00'),(38,8,8,8,38,38,'suscipit','Velit illum rerum voluptas dolorem pariatur aut qui. Dignissimos modi eaque consequatur molestias excepturi. Sunt facere error corporis aut atque voluptatibus. Nam quia sit neque est.',0,8130.05,'2013-10-15 02:42:40','0000-00-00 00:00:00'),(39,9,9,9,39,39,'voluptatibus','Id voluptatibus mollitia aperiam et. Reprehenderit laborum eum odit et. Soluta iure consequatur esse et.',0,8972.69,'1992-11-15 23:46:41','0000-00-00 00:00:00'),(40,10,10,10,40,40,'accusantium','Rerum ea nostrum dolor aut commodi rerum expedita. Earum eius et nostrum. Consectetur id distinctio aperiam consequatur eos. Nostrum quae consequatur consequatur consequatur quis ullam.',0,1067.18,'1982-07-26 01:56:54','1990-07-12 04:40:59'),(41,11,11,11,41,41,'aperiam','Possimus rerum magnam voluptatem doloremque animi enim enim. Excepturi et non tempore totam ipsa voluptatem aspernatur eaque. Aperiam voluptatem labore consectetur iure omnis aut officiis.',0,9031.63,'1996-11-16 17:45:10','1996-07-07 00:44:00'),(42,12,12,12,42,42,'aut','Quia similique iure aperiam corporis accusantium ut ut. Voluptas eum repellat rem voluptatum qui. Consectetur rem porro aut.',0,9867.53,'1992-05-31 19:12:42','1999-04-17 10:20:41'),(43,13,13,13,43,43,'et','Nihil et omnis error quo dignissimos. Voluptates dolorem aut id alias quae voluptatem laboriosam. Autem et officiis sed vero recusandae. Eius consequuntur illum provident qui numquam voluptatem tenetur fuga.',0,9872.53,'1972-11-02 22:38:36','0000-00-00 00:00:00'),(44,14,14,14,44,44,'molestiae','Sed ipsum mollitia quidem deserunt quo et vero. Aspernatur perspiciatis consequatur id odit hic. Ipsa rerum molestiae velit soluta quis.',0,5942.57,'2019-08-30 01:48:46','0000-00-00 00:00:00'),(45,15,15,15,45,45,'culpa','Doloribus asperiores id sit. Ut quia dolor omnis ipsum voluptatibus autem autem. Sunt voluptatum sed in in rerum fugiat sapiente officiis. Veritatis fugit sed iure dolorem qui autem.',0,8626.52,'1996-08-03 16:03:15','0000-00-00 00:00:00'),(46,16,16,16,46,46,'velit','Dicta aut perferendis et laborum repellat quod. Dolorum eveniet expedita nisi deserunt ex. Et dicta illo inventore iure maxime autem incidunt.',0,3144.71,'1991-07-21 08:36:12','0000-00-00 00:00:00'),(47,17,17,17,47,47,'rerum','Quisquam sit velit quos quia eius dolorem et. Eum odit neque laudantium quaerat voluptatem nobis sequi. Excepturi totam cumque voluptates.',0,5258.73,'1974-01-27 18:45:18','0000-00-00 00:00:00'),(48,18,18,18,48,48,'blanditiis','Quia delectus distinctio ea provident. Incidunt provident aut molestias cum aut. Illo autem ipsam iusto explicabo suscipit est suscipit.',0,1693.65,'1971-06-29 05:39:10','1981-06-02 12:28:11'),(49,19,19,19,49,49,'vero','Quaerat placeat occaecati maiores repudiandae voluptatem est. Voluptas et ea voluptas sit iusto dolorem velit. Provident et minima soluta molestiae.',0,1050.50,'2015-11-22 16:50:00','0000-00-00 00:00:00'),(50,20,20,20,50,50,'qui','At aut nisi consequatur fugit nam atque temporibus. Nemo autem voluptas voluptatem et voluptatem.',0,4862.79,'1973-08-25 15:13:28','0000-00-00 00:00:00'),(51,21,21,21,51,51,'nesciunt','Commodi ut delectus ut libero error qui totam impedit. Odit ea quas aperiam et dolor. Pariatur quaerat cupiditate voluptas autem doloribus deserunt beatae.',0,8925.07,'2004-12-19 13:47:42','0000-00-00 00:00:00'),(52,22,22,22,52,52,'tempora','Qui accusamus perferendis consequatur ipsum. Quod autem veniam non explicabo. Pariatur dolores omnis accusantium rerum voluptatem. Neque velit at rerum qui iste dicta consequatur.',0,2198.71,'1977-06-14 09:43:38','2003-12-29 03:47:28'),(53,23,23,23,53,53,'labore','Omnis asperiores voluptate aut fugit est veritatis delectus. Debitis consequuntur ipsam possimus numquam odio tempore corporis. Facere laboriosam reiciendis repellendus incidunt magni.',0,4470.27,'1980-12-30 01:32:21','0000-00-00 00:00:00'),(54,24,24,24,54,54,'aut','Ex earum rerum in tenetur ut laboriosam. Quasi dolorem et dolore. Eveniet ut tempore asperiores error ipsa unde perferendis est.',0,5308.12,'2004-03-15 10:12:22','2004-07-02 15:25:36'),(55,25,25,25,55,55,'error','Illo qui vero vero voluptatibus accusamus ratione. Libero dolores deleniti quidem vero repellat reprehenderit cumque. Rerum repellat molestias est ipsam.',0,8306.06,'1990-02-25 02:00:19','1975-09-23 01:38:34'),(56,26,26,26,56,56,'natus','Commodi cumque harum accusamus. Assumenda quisquam quia repellat labore officia omnis quas. Aspernatur hic aut et et aut. Dolor aperiam id molestiae soluta.',0,3791.61,'1985-08-01 05:32:37','1977-03-07 20:35:21'),(57,27,27,27,57,57,'ut','Sapiente quaerat iure voluptas assumenda est quo. Facilis aliquid natus corporis consequatur quia. Recusandae explicabo delectus dolore omnis eos sed. At animi laborum nemo dicta tempore qui.',0,7249.59,'1974-07-30 13:30:49','0000-00-00 00:00:00'),(58,28,28,28,58,58,'ut','Quas illum veritatis rerum. Ipsa placeat soluta vitae et non tempore veritatis. Necessitatibus saepe rerum et esse optio saepe. Aut nihil doloremque quia sed omnis quia et.',0,2534.41,'1984-08-29 21:07:32','0000-00-00 00:00:00'),(59,29,29,29,59,59,'necessitatibus','Quidem sed error enim ea est esse. Error hic deleniti voluptatem quos quis libero. Aspernatur voluptatibus illo amet dolore architecto nesciunt consequatur libero.',0,9589.62,'1987-11-01 10:13:03','0000-00-00 00:00:00'),(60,30,30,30,60,60,'dolor','Dicta velit non libero autem a quos modi. Quia ut veritatis numquam reiciendis beatae aliquid.',0,2702.62,'2015-12-30 22:03:49','2000-03-01 18:42:47'),(61,1,1,1,61,61,'provident','Vero voluptas quos unde. Enim ullam qui et quis delectus tempora voluptatum rem. Laudantium non consectetur quia quo. Est voluptas ab tempore quo ea quaerat.',0,161.83,'1984-09-08 13:43:08','1970-03-18 22:30:10'),(62,2,2,2,62,62,'autem','Distinctio beatae assumenda et consectetur tempore ea. Accusamus fugiat quaerat numquam doloremque. Velit eum sit exercitationem sint.',0,9331.18,'1988-10-27 04:31:40','0000-00-00 00:00:00'),(63,3,3,3,63,63,'qui','Voluptate quia dolor qui voluptatem quaerat earum. Et libero saepe placeat autem est dolore.',0,5352.94,'2004-03-08 10:38:17','0000-00-00 00:00:00'),(64,4,4,4,64,64,'excepturi','Et esse in et eos earum nulla aspernatur tempore. Et velit repudiandae quo totam praesentium. Saepe consequatur quos officiis. Nostrum voluptatibus ab omnis exercitationem maiores voluptas cupiditate.',0,9258.21,'1979-05-03 14:59:12','0000-00-00 00:00:00'),(65,5,5,5,65,65,'aperiam','Velit hic quidem odio sunt repudiandae tenetur. Distinctio eos ut quia exercitationem. Sunt voluptatem cumque aperiam suscipit ullam.',0,8199.89,'1974-02-06 07:57:58','1980-09-18 04:53:00'),(66,6,6,6,66,66,'totam','Sunt aut reprehenderit ut expedita molestiae esse. Commodi ut voluptas qui. Minus cumque totam sequi ipsum.',0,6495.72,'1978-08-06 00:36:21','0000-00-00 00:00:00'),(67,7,7,7,67,67,'et','Nihil repellendus ab consequatur cumque. Cumque aspernatur molestias consequuntur delectus et cumque illo. Dolores dolorem architecto debitis nostrum quidem. Delectus eaque vel facilis laboriosam aliquid est ipsum blanditiis.',0,6097.03,'1998-07-08 08:16:43','0000-00-00 00:00:00'),(68,8,8,8,68,68,'nesciunt','Ratione autem tenetur iste eum reprehenderit. Quasi suscipit eius suscipit eveniet hic quod. Quisquam dicta ratione ipsa similique. Veritatis eum in est cumque aut quo blanditiis sunt.',0,8875.06,'1982-05-08 03:03:29','0000-00-00 00:00:00'),(69,9,9,9,69,69,'modi','Quo expedita inventore dignissimos. Placeat provident ex minima cum et quis ea. Corporis magnam perferendis qui consequuntur atque. Voluptas dicta et enim et.',0,9803.46,'1998-06-21 20:44:33','0000-00-00 00:00:00'),(70,10,10,10,70,70,'itaque','Minima nihil rerum ipsa ea dolores. Voluptates deleniti enim fugit ex molestias. Consequuntur similique voluptatibus repudiandae iure officia qui ab.',0,4833.95,'2008-12-02 02:59:48','2011-03-14 13:01:50'),(71,11,11,11,71,71,'amet','Sit pariatur dicta cumque officiis nostrum dolores. Ratione aut reprehenderit debitis earum. Maiores dolor recusandae mollitia perspiciatis voluptatem perspiciatis doloribus. Vel et molestias omnis ex odit illum.',0,237.91,'2014-08-22 13:33:59','1988-12-10 06:25:12'),(72,12,12,12,72,72,'adipisci','Qui perferendis cupiditate nihil enim et. Dolore repellat aliquam optio labore omnis et atque. Qui excepturi consequatur veniam et in vel. Soluta et molestias blanditiis deserunt nostrum ut perspiciatis.',0,7312.70,'1994-10-05 21:46:25','0000-00-00 00:00:00'),(73,13,13,13,73,73,'eos','Ex assumenda doloremque quae et omnis doloremque. Nemo repudiandae consequatur et et. Numquam sunt sed aliquid praesentium sint est.',0,2158.70,'2009-05-12 02:00:09','2015-05-09 04:51:01'),(74,14,14,14,74,74,'necessitatibus','Qui exercitationem quaerat omnis quia est non praesentium. Amet molestiae dolore et commodi. Aut ut quo quae omnis praesentium. Vel consequuntur quas qui sunt vel maiores quia.',0,1406.85,'1984-07-31 07:04:10','1980-08-20 03:39:05'),(75,15,15,15,75,75,'possimus','Tenetur eveniet tempore aliquam nihil. Eveniet aliquam deserunt adipisci dolores voluptatem eius quaerat quod. Quas hic nostrum nam autem eligendi repellat officiis. Ut quia in quaerat quia quo non sed.',0,8279.93,'1977-09-15 22:09:24','0000-00-00 00:00:00'),(76,16,16,16,76,76,'voluptatem','Omnis id et esse aut aliquid nihil. Velit praesentium mollitia debitis accusantium laboriosam nihil. Aut qui eos est ab omnis facilis enim. Tempore repudiandae eos fugit et rerum est et.',0,4435.40,'2013-03-05 11:23:48','0000-00-00 00:00:00'),(77,17,17,17,77,77,'non','Autem sint doloremque nulla voluptatibus ex. Porro illo doloribus rerum dolores. Et sint debitis sint quia voluptatem. Qui odio minima ut aut.',0,2119.75,'2016-07-18 02:27:55','0000-00-00 00:00:00'),(78,18,18,18,78,78,'et','Veritatis eos quia illo ex. Ducimus illo asperiores quasi sit quis omnis cumque asperiores. Quaerat repellat illo molestiae distinctio non non.',0,5033.34,'2016-05-26 05:16:11','1982-07-25 19:12:20'),(79,19,19,19,79,79,'animi','Ad numquam quia placeat maiores. Labore repellat officiis veniam similique qui explicabo ut. Numquam delectus iusto inventore dolorem. Sed adipisci ipsa aut itaque aliquam sed error est. Saepe ipsum sit consequuntur aperiam esse et recusandae.',0,4471.58,'1995-05-06 16:48:22','1993-07-15 14:38:29'),(80,20,20,20,80,80,'occaecati','Eos et excepturi et ipsum. Libero sit ipsam non illum non sit ab. Laudantium sapiente dolor qui ratione omnis sunt sed.',0,9639.70,'1984-05-07 16:25:27','1978-05-17 22:35:20'),(81,21,21,21,81,81,'praesentium','Est repellat ab molestiae ducimus deleniti ipsam rem. Ut commodi fugiat aut distinctio facilis animi autem quos. Fuga hic odio qui quo velit minus. Quibusdam occaecati eaque quo qui officia qui.',0,973.05,'1998-08-20 19:57:46','0000-00-00 00:00:00'),(82,22,22,22,82,82,'quidem','Repellat provident ut quia nam sit earum dolores earum. Aperiam voluptas ratione quam omnis veniam. Asperiores est nisi est est natus enim sint est. At temporibus cum velit.',0,7939.92,'2010-04-23 16:21:40','0000-00-00 00:00:00'),(83,23,23,23,83,83,'cupiditate','Non libero necessitatibus vel repudiandae in facilis. Velit vero nesciunt vitae et fugiat autem ipsum dolores. Et a voluptatem voluptas nostrum. Hic quis dicta eos culpa.',0,4364.77,'2005-01-15 03:05:29','1978-08-26 19:50:14'),(84,24,24,24,84,84,'dolor','Natus quod animi voluptatem ipsa dolorem modi. Nobis molestias sint laboriosam animi quo. Distinctio consequuntur cum cumque modi ducimus error quia. Et nihil commodi explicabo totam similique aut voluptatibus. Ea corrupti et neque qui ea qui quo.',0,9322.58,'2020-04-28 07:31:26','1970-12-14 06:53:29'),(85,25,25,25,85,85,'consectetur','Debitis labore reiciendis qui ducimus. Quaerat quia inventore eum. Sed occaecati consequatur maiores harum reprehenderit et sint.',0,3338.22,'2009-05-02 12:19:41','0000-00-00 00:00:00'),(86,26,26,26,86,86,'eaque','Minima quisquam dignissimos expedita qui repellat repellat consequatur voluptates. Dolorum suscipit aut nemo temporibus distinctio eius perferendis. Neque odio maxime magnam.',0,3835.18,'1990-03-12 15:05:32','2009-06-11 06:18:16'),(87,27,27,27,87,87,'repudiandae','Sunt sed cumque est facilis. Incidunt et id vel sunt. Dignissimos dolor quas at sed id cupiditate omnis dolore. Aut vel quisquam ea sunt ut quo aperiam.',0,111.90,'1972-06-28 02:03:11','0000-00-00 00:00:00'),(88,28,28,28,88,88,'cupiditate','Facere quis architecto occaecati consequuntur in excepturi. Magni eos aspernatur ut sint dolor.',0,5250.39,'2008-08-07 14:30:26','0000-00-00 00:00:00'),(89,29,29,29,89,89,'molestias','Tenetur natus ea et ullam ut nihil maiores perspiciatis. Quia consequuntur rerum aut maiores assumenda. Dolorum possimus consequatur dolorum consequatur explicabo.',0,9390.79,'2007-08-11 10:00:26','0000-00-00 00:00:00'),(90,30,30,30,90,90,'et','Sint corrupti nemo saepe inventore. Atque numquam harum accusamus omnis assumenda pariatur. Rerum vel suscipit adipisci magnam eveniet id. Aut temporibus nemo consequatur aspernatur ab.',0,4011.68,'1993-08-16 19:04:54','0000-00-00 00:00:00'),(91,1,1,1,91,91,'ducimus','Molestias aut id necessitatibus ut et eligendi. Dolor veritatis quos veniam vel et. Asperiores tempora maxime corrupti eum rerum et. Ab ullam maiores officia voluptatibus debitis sit ad excepturi.',0,1470.39,'1983-04-12 05:43:18','2014-04-12 00:36:25'),(92,2,2,2,92,92,'beatae','Repudiandae quo consequuntur at voluptatem. Assumenda eius quos rerum illum.',0,3935.26,'2003-02-11 15:56:25','1976-05-28 22:54:11'),(93,3,3,3,93,93,'quo','Laborum in deleniti maiores voluptatum inventore. Officia et quia doloribus maiores. Nisi nihil quaerat voluptatum qui porro.',0,6384.71,'1976-10-22 01:03:02','0000-00-00 00:00:00'),(94,4,4,4,94,94,'quae','Eos quisquam eum unde ex qui asperiores dolorem. Placeat sed qui minima libero et aut sint accusamus. Est necessitatibus aut officia aperiam fuga. Facilis exercitationem aut nostrum dolor voluptas. Expedita repellat fuga illo voluptatum distinctio.',0,4184.00,'2016-02-02 08:09:47','1990-08-02 19:09:04'),(95,5,5,5,95,95,'itaque','Omnis ut quibusdam molestiae esse quas. Quis rerum est eos neque provident ab velit. Possimus ut rerum ut est accusantium earum.',0,2394.06,'1996-03-06 17:53:37','0000-00-00 00:00:00'),(96,6,6,6,96,96,'accusamus','Nihil ratione provident in est provident qui dignissimos. Iure quia eos assumenda ut doloribus.',0,5594.63,'1981-05-06 21:49:47','0000-00-00 00:00:00'),(97,7,7,7,97,97,'et','Magni ut et placeat optio omnis. Non totam mollitia ut. Est adipisci perspiciatis et consequatur officia qui.',0,6997.32,'1996-01-13 10:55:54','1997-04-23 03:52:53'),(98,8,8,8,98,98,'quas','Et saepe illum reprehenderit iusto id. Nulla doloribus ut eos qui sit odit perferendis. Asperiores recusandae voluptatem ratione excepturi quaerat fugit totam. Ipsam est doloremque a itaque consequuntur vero voluptatem. Consequuntur consectetur enim dolore ex.',0,7358.80,'1996-01-13 12:35:56','1974-04-22 10:54:08'),(99,9,9,9,99,99,'culpa','Et ad recusandae suscipit commodi ducimus. Ab aut voluptatem perferendis suscipit sunt enim aut. Ducimus non rerum id repudiandae repellat ut dolorum.',0,8057.17,'1999-11-29 22:54:50','2015-11-05 07:34:15'),(100,10,10,10,100,100,'velit','Ducimus ad dolore placeat dolor iusto consectetur explicabo sed. Et esse soluta eum aliquam. Expedita quos id consequatur laborum sed vel nulla doloribus. Vel totam ipsam voluptatem molestias omnis nulla quia.',0,4793.42,'2004-11-22 18:45:22','1984-01-11 08:25:39'),(101,11,11,11,1,1,'ut','Aliquid repellendus aut odit voluptatem ad dolorem qui. Iure eveniet ex doloribus delectus. Minima provident mollitia id enim porro laborum accusamus exercitationem.',0,7720.02,'2002-07-21 20:14:31','2020-10-24 00:11:03'),(102,12,12,12,2,2,'illo','Enim aliquid fugit quis iusto. Magnam est accusamus aut ducimus eaque voluptas qui. Quis amet sed et earum molestias. Sit molestiae laboriosam excepturi.',0,190.71,'1987-11-19 11:02:25','1972-05-23 19:11:32'),(103,13,13,13,3,3,'est','Earum maxime voluptatem rerum ducimus aut aut est. Eaque quo in in distinctio tenetur aperiam. Distinctio aperiam impedit voluptatem eos corrupti repellat.',0,8141.42,'2007-04-26 17:54:41','0000-00-00 00:00:00'),(104,14,14,14,4,4,'occaecati','Voluptatem repellat adipisci est. Labore harum laudantium ab ipsam. Voluptatem nulla et et voluptatem ut.',0,3021.35,'1982-09-22 08:08:47','1970-03-01 10:47:16'),(105,15,15,15,5,5,'officiis','Alias ipsam et nesciunt sit rerum. Id ea qui totam officia suscipit voluptatum ut. Doloribus velit placeat sed veritatis.',0,3243.03,'2012-06-14 14:09:46','1976-09-26 03:08:43'),(106,16,16,16,6,6,'voluptatibus','Illo incidunt dolor blanditiis ut sed magnam odio. Magni aut non molestias alias. Nemo necessitatibus voluptatem est accusamus.',0,589.08,'1995-03-18 23:20:00','2018-12-10 04:56:24'),(107,17,17,17,7,7,'quia','Molestiae tenetur velit porro fugit eum vel. Aut et quia accusamus facere est est ad. Sint consequatur voluptas magni eligendi consequuntur laudantium.',0,5940.72,'2013-10-27 03:37:37','2018-03-10 01:35:26'),(108,18,18,18,8,8,'error','Porro sapiente et sunt laudantium necessitatibus omnis omnis. Voluptatem veniam et distinctio quis. At rerum laborum quaerat odit aut sint reiciendis dolore.',0,9757.92,'1994-03-09 03:42:45','0000-00-00 00:00:00'),(109,19,19,19,9,9,'iste','Rerum nihil ad fugit velit voluptatem quo. Nobis assumenda atque praesentium est. Esse enim ut amet atque doloremque quisquam consectetur. Et rerum voluptas tempora inventore facilis qui et. Eligendi dolor quo aut magnam.',0,8968.88,'1971-10-02 22:00:14','0000-00-00 00:00:00'),(110,20,20,20,10,10,'enim','Repellat exercitationem in magnam placeat atque velit amet id. Sed repellendus aperiam officiis quo quia enim voluptas.',0,4214.69,'1998-08-08 08:35:34','0000-00-00 00:00:00'),(111,21,21,21,11,11,'saepe','Voluptas corrupti quo natus sunt aperiam est. Placeat ipsum quo itaque laudantium ea accusamus quia. Voluptas dolor ut harum sed natus non sed placeat. Deserunt et necessitatibus quis nulla aperiam culpa.',0,7165.02,'1992-11-02 09:48:03','0000-00-00 00:00:00'),(112,22,22,22,12,12,'provident','Adipisci id dolorem dolorum id quis nemo. Et quibusdam architecto ut at suscipit quia delectus. Omnis est rerum unde.',0,7374.31,'2017-12-02 19:12:15','0000-00-00 00:00:00'),(113,23,23,23,13,13,'molestiae','Deserunt sunt ea earum fugiat rerum iure mollitia. Quia nisi atque ea.',0,220.44,'1979-07-25 14:22:05','2012-12-24 13:05:40'),(114,24,24,24,14,14,'sequi','Non maiores repellendus provident officia necessitatibus. Amet quo quia ex explicabo qui. Qui totam quia nesciunt ratione molestiae aut accusantium. In reprehenderit neque est qui quod expedita sit est.',0,686.30,'1982-09-20 03:39:47','1974-02-18 07:25:06'),(115,25,25,25,15,15,'quia','Iste explicabo quia corporis et hic sit. Dolore nulla aliquam voluptates minima illo minus eaque. Vel accusantium suscipit libero placeat possimus.',0,6933.70,'2014-10-15 21:22:09','1998-04-22 13:35:39'),(116,26,26,26,16,16,'labore','Quam qui placeat ex. Sequi ipsum ratione omnis quisquam sequi modi nesciunt sed.',0,5621.35,'1991-11-18 08:58:09','2011-08-26 01:32:22'),(117,27,27,27,17,17,'culpa','Aut et dolorem consequatur deleniti necessitatibus ut. Autem id exercitationem et non. Vel autem qui accusamus iste et sed in. Consequatur eos sint quisquam totam ipsam commodi.',0,7063.83,'1985-07-24 06:30:49','1998-05-04 19:47:20'),(118,28,28,28,18,18,'esse','Officia nobis fuga recusandae rerum cupiditate aut. Aut excepturi reprehenderit dolores et voluptas. Enim labore necessitatibus sit et.',0,6707.56,'2000-10-26 06:39:07','0000-00-00 00:00:00'),(119,29,29,29,19,19,'adipisci','Ut quas odit ab cum modi voluptatem ea iusto. Et reprehenderit exercitationem veniam non commodi et. Enim a aut enim nobis.',0,4241.13,'2017-02-17 09:13:07','1984-12-17 11:40:50'),(120,30,30,30,20,20,'rerum','Quis et dignissimos numquam. Qui corporis non et vel sed. Nihil distinctio nostrum voluptatem est aperiam.',0,9851.82,'1994-07-02 14:41:22','0000-00-00 00:00:00'),(121,1,1,1,21,21,'iste','Minima perferendis repellat voluptas autem sunt reiciendis iste. Sit officia aut totam sequi facere dolorum. Laudantium omnis corporis repellendus laborum excepturi. Molestias laudantium labore labore est consequuntur. Rerum ea aut commodi cupiditate fuga cumque.',0,1638.21,'1970-02-20 00:40:44','1981-10-10 22:38:53'),(122,2,2,2,22,22,'est','Ut quia ab quisquam quae laudantium est unde possimus. Fuga maiores expedita vel ea vel est. Repellat modi tempora sint fugiat. Ducimus maxime esse ipsum iste dolor.',0,3828.19,'2010-05-14 07:36:51','0000-00-00 00:00:00'),(123,3,3,3,23,23,'non','Qui sed consequatur et ab ut. Id accusamus quos sapiente. Facilis mollitia in eum et.',0,8446.13,'1974-09-10 12:19:24','1990-03-01 14:54:08'),(124,4,4,4,24,24,'ea','Nesciunt accusantium facere nihil cumque possimus eum exercitationem provident. Iusto velit officia enim explicabo dolorem. Fuga et sunt provident reprehenderit et explicabo neque.',0,5484.87,'2018-08-14 14:51:21','2014-03-14 17:45:09'),(125,5,5,5,25,25,'dolorem','Sunt ab voluptate et enim et rerum non molestiae. Blanditiis veritatis aut totam ab qui. Occaecati magni dignissimos et est omnis ut.',0,3042.27,'1985-02-27 06:27:30','1970-10-16 14:27:46'),(126,6,6,6,26,26,'odio','Velit doloremque hic molestiae voluptatem et dignissimos ut. Incidunt eum consequatur nemo eum omnis. Ut quisquam tempore voluptas adipisci. Dolor vero et corrupti esse eligendi.',0,1490.53,'2017-11-02 17:33:43','0000-00-00 00:00:00'),(127,7,7,7,27,27,'similique','Commodi ut nihil incidunt. Ut et temporibus nostrum nihil. Quam doloribus occaecati cumque. Quo repellendus alias soluta non eveniet dicta.',0,3942.97,'1984-05-12 02:22:47','1971-10-29 00:38:46'),(128,8,8,8,28,28,'esse','Voluptatem odit corporis quisquam sit. Delectus velit libero repudiandae sit. Consequuntur qui qui occaecati. Illo harum autem nihil sapiente molestiae eligendi.',0,1681.89,'1989-07-25 02:57:50','0000-00-00 00:00:00'),(129,9,9,9,29,29,'adipisci','Sed placeat harum doloremque. Unde porro sint nihil et iure fugiat. Fugit optio atque dolor ut rerum placeat cumque enim.',0,8227.14,'2000-09-30 00:08:42','0000-00-00 00:00:00'),(130,10,10,10,30,30,'animi','Qui rerum cupiditate officia aut dolor repellat ad. Laboriosam molestias necessitatibus vitae laudantium cum ea. Quisquam quo quia non officia provident.',0,4904.69,'1999-11-15 22:58:19','0000-00-00 00:00:00'),(131,11,11,11,31,31,'pariatur','Omnis voluptatem mollitia officiis natus voluptatum excepturi dolorem. Modi est minus quo ea sunt consequatur ipsam. Eum ut minima eaque dolorem enim pariatur non. Rerum nisi eius repellendus quia.',0,8527.69,'1990-07-20 09:10:48','1999-01-18 16:13:10'),(132,12,12,12,32,32,'rem','Deserunt odit cumque aut. Nihil est nemo ut dolor ut placeat ipsam. Et non qui earum error voluptatum in occaecati.',0,4366.63,'2008-04-08 19:32:30','0000-00-00 00:00:00'),(133,13,13,13,33,33,'sunt','Voluptatem est minus expedita nam. Quos maxime asperiores ab dolores voluptatem aut molestiae. Quod quos quasi atque enim quidem et non. Eaque quas dolorem minus nesciunt sunt.',0,2787.19,'1999-12-21 20:27:40','1993-07-24 12:02:48'),(134,14,14,14,34,34,'quia','Enim qui consequuntur odit qui sed nisi error. Voluptate quia est eaque. Quidem eveniet repellat ut iure expedita. Voluptatem iusto ipsa deserunt odit aliquam ipsam.',0,8939.46,'1993-12-27 12:58:17','1975-09-22 08:34:36'),(135,15,15,15,35,35,'eveniet','Repellendus illum et quia eum. Expedita aut animi molestiae voluptatem ad enim. Quibusdam occaecati doloribus voluptates est. Quidem dolor ducimus illo asperiores ut eveniet praesentium.',0,7384.54,'2011-04-01 15:15:02','2004-02-22 06:28:55'),(136,16,16,16,36,36,'deserunt','Rerum sint doloremque rerum dolores possimus. Et ipsum repellat sit beatae enim. Iusto ea qui nisi a earum porro.',0,3653.22,'2006-04-04 23:40:54','1988-04-08 01:22:53'),(137,17,17,17,37,37,'excepturi','Expedita et velit consectetur voluptatem voluptatum. Non commodi amet occaecati aut enim corporis numquam. Ducimus alias numquam culpa provident ipsum illo. Tempore nemo consequatur sit et.',0,6217.28,'1994-08-04 23:58:46','0000-00-00 00:00:00'),(138,18,18,18,38,38,'non','Aut in et qui consequatur. Officia nobis ab placeat. Suscipit est tempora maxime laborum velit minus.',0,5305.61,'2005-11-06 06:42:47','0000-00-00 00:00:00'),(139,19,19,19,39,39,'necessitatibus','Minima assumenda voluptatem distinctio non harum numquam. Fugit vel necessitatibus iste tenetur vel eius laboriosam. Quae libero voluptatum dignissimos dolorem.',0,2134.27,'2005-08-17 10:14:28','0000-00-00 00:00:00'),(140,20,20,20,40,40,'molestiae','Beatae asperiores rerum libero voluptas nihil. Rerum ut nostrum exercitationem nesciunt necessitatibus voluptatibus saepe. Ratione inventore temporibus autem voluptas voluptatum quia optio.',0,4412.55,'1983-08-06 19:52:30','1971-05-08 03:37:46'),(141,21,21,21,41,41,'rerum','Voluptate sapiente est ad ratione tenetur ea. Voluptatibus voluptatem excepturi laudantium sunt voluptatem. Architecto aut vitae aliquam eos. Et aut voluptatem laborum id quia odio quia. Dolore nam aut et ipsum sint.',0,7499.89,'1972-06-11 13:36:42','0000-00-00 00:00:00'),(142,22,22,22,42,42,'fugiat','Praesentium ut iure tempore enim rerum sed. Exercitationem iusto reprehenderit voluptates aut illum non. Consequuntur cum nulla dolorem.',0,7734.70,'1985-07-27 08:05:42','0000-00-00 00:00:00'),(143,23,23,23,43,43,'laborum','Aut accusamus est quia non odio. Consequatur qui qui autem placeat necessitatibus ipsam. Et quis qui et debitis quae quas voluptatem deserunt.',0,6915.22,'2014-12-15 15:47:33','2004-01-16 20:40:30'),(144,24,24,24,44,44,'ea','Dolor ea quam velit porro vitae enim omnis. Iste at aut corrupti praesentium. Nihil et nihil et quibusdam error labore ducimus recusandae.',0,9335.34,'2018-03-01 11:58:27','0000-00-00 00:00:00'),(145,25,25,25,45,45,'id','Vel expedita numquam suscipit voluptatem ipsam quia voluptatibus perferendis. Itaque qui est ab odit. Tenetur sint ex et maiores.',0,6775.69,'2011-03-15 11:52:08','0000-00-00 00:00:00'),(146,26,26,26,46,46,'laboriosam','Facilis consectetur suscipit debitis maiores. Officia ipsum et placeat veniam et. Eos modi voluptate quas a eveniet vel quasi.',0,8197.29,'1976-06-08 18:04:50','1979-01-06 17:29:20'),(147,27,27,27,47,47,'ut','Saepe autem excepturi dolorem in autem. Nulla esse facere laboriosam. Voluptas repudiandae id qui quis omnis. Ipsam reiciendis ea ducimus nemo necessitatibus.',0,5005.35,'1987-08-21 20:52:08','0000-00-00 00:00:00'),(148,28,28,28,48,48,'provident','Fugiat ullam tenetur delectus voluptas velit voluptas suscipit. Magnam cupiditate accusamus ut vel nisi numquam. Quisquam aut dolor sit nostrum maxime neque aut aut. Nemo deserunt molestias necessitatibus ipsum qui.',0,8885.16,'2012-01-19 00:15:11','0000-00-00 00:00:00'),(149,29,29,29,49,49,'in','Aut voluptatum provident doloremque impedit ullam et. Porro eum aliquam doloremque quo. Sit praesentium et vel quidem quia magnam. Corporis laboriosam nihil voluptas.',0,8886.85,'1980-01-30 01:25:17','1997-01-06 05:29:35'),(150,30,30,30,50,50,'doloremque','Quisquam dolore ipsam alias blanditiis aut. Ut illo et eos aliquid. Corrupti minus aut laborum sunt tempore doloribus atque. Ut nesciunt excepturi corrupti sint aspernatur earum.',0,3844.42,'1989-06-21 18:59:55','0000-00-00 00:00:00'),(151,1,1,1,51,51,'laudantium','Maxime molestiae aperiam rerum est ducimus. Aut assumenda temporibus consectetur porro quidem. Numquam ut explicabo sequi.',0,6515.12,'1995-09-15 18:03:02','2019-05-18 15:03:54'),(152,2,2,2,52,52,'eos','Dolorem et quo quo. Veritatis quo velit et. Quo in officiis natus sint doloremque. Libero sint quia reprehenderit atque rerum aut dolor ratione. Voluptatem dolores in eveniet non quaerat.',0,8220.72,'2000-03-03 15:43:33','2017-08-08 08:03:38'),(153,3,3,3,53,53,'cum','Et consectetur et voluptate iure nemo magnam. Suscipit possimus debitis nisi et laboriosam. Recusandae aut hic cumque sed sunt velit. Est omnis omnis corporis perspiciatis optio vel. Praesentium est quidem voluptas.',0,1574.10,'2020-04-04 12:16:52','0000-00-00 00:00:00'),(154,4,4,4,54,54,'sit','Voluptates veritatis dolor aperiam dolor deleniti. Temporibus perspiciatis minus magni eaque veritatis nobis porro similique. Earum et quia tempore maiores rerum at iusto qui.',0,8112.97,'2000-02-03 22:01:56','1980-09-12 16:50:20'),(155,5,5,5,55,55,'odio','Ut nam dolorem sint consequuntur. Quis sit perferendis perferendis deleniti. Illo harum fuga nobis esse. Eius a sint aliquam dolore optio.',0,3790.14,'2000-10-24 05:42:06','2005-05-12 05:50:03'),(156,6,6,6,56,56,'autem','Accusantium consequatur quibusdam nostrum alias. Autem nulla velit nobis molestiae nobis tempore sapiente. Nihil dolore numquam dicta sed et fuga.',0,783.31,'2000-05-04 12:49:04','0000-00-00 00:00:00'),(157,7,7,7,57,57,'ut','Laboriosam est inventore libero vitae quas rem atque. Id rem ut dolorem sit et expedita.',0,6852.36,'2014-03-30 00:28:05','0000-00-00 00:00:00'),(158,8,8,8,58,58,'quae','Fugiat unde facilis sed et ex rerum magnam. Consequuntur ex vel voluptatem consequuntur repellat itaque facilis magni. Dolores ea rerum vel deleniti.',0,6744.25,'2014-05-06 07:18:17','0000-00-00 00:00:00'),(159,9,9,9,59,59,'asperiores','Dicta sit est rerum distinctio consequatur consectetur. Quia vero quidem ut. Sunt magni placeat vel iusto vero omnis.',0,6655.87,'2009-02-01 02:18:41','2003-05-01 02:37:18'),(160,10,10,10,60,60,'nihil','Optio tempore laboriosam sint perferendis et. Id voluptatem ab corporis aspernatur aut et assumenda. Molestias quo veniam voluptate architecto suscipit magni. Quia maiores at dolore quia et nesciunt accusantium.',0,9113.77,'2003-08-09 07:32:08','0000-00-00 00:00:00'),(161,11,11,11,61,61,'vel','Et qui occaecati quasi. Magni sit id vel ullam. Aliquid dolorem voluptatem velit laudantium qui. Optio excepturi esse nam inventore quisquam ex.',0,7488.53,'1995-05-16 20:39:22','0000-00-00 00:00:00'),(162,12,12,12,62,62,'dolorem','Sunt nesciunt enim fuga non error et doloribus. Et provident aut tenetur. Sint laborum est consequatur nulla. Harum maxime occaecati quibusdam eos ipsam reiciendis dolore.',0,4129.85,'2011-07-29 18:18:05','1997-11-26 14:51:06'),(163,13,13,13,63,63,'incidunt','Rerum sint et corrupti molestias assumenda dolorem. Dolores architecto qui sequi nam recusandae.',0,8635.31,'1970-09-01 09:57:05','1985-10-25 05:09:58'),(164,14,14,14,64,64,'et','Sit sed ducimus inventore. Voluptate ipsam veritatis sit ducimus placeat dicta est qui. Voluptas officiis et dolorem vel. Autem voluptas voluptatum numquam ipsum debitis.',0,5504.32,'1980-04-30 10:56:31','0000-00-00 00:00:00'),(165,15,15,15,65,65,'mollitia','In ad voluptas expedita in. Quae officia exercitationem commodi natus laboriosam. Sed possimus dolor temporibus et tenetur eaque. Suscipit illum ducimus nam labore nemo et voluptas.',0,3202.01,'1993-10-21 05:59:18','1974-08-04 07:48:33'),(166,16,16,16,66,66,'amet','Reprehenderit ipsum repellat incidunt sint. Qui sit mollitia dolores qui aut.',0,6660.60,'2007-11-25 13:36:30','0000-00-00 00:00:00'),(167,17,17,17,67,67,'laboriosam','Et perspiciatis quisquam labore eos maiores omnis. Error reprehenderit dolor sed laborum. Nesciunt non tempore magnam aut sed rerum aut.',0,7348.86,'2003-11-16 07:22:59','2019-08-03 12:55:31'),(168,18,18,18,68,68,'laboriosam','Sit illum recusandae quia quibusdam. Molestiae sapiente quia voluptate non nulla hic consectetur quidem. Ut nihil ut quis quidem a. Incidunt culpa id voluptatibus nobis perspiciatis quas fugit.',0,7065.59,'1993-10-15 21:34:15','0000-00-00 00:00:00'),(169,19,19,19,69,69,'sit','Et voluptatem accusantium possimus doloremque. Illum aut modi eligendi quis omnis. Ducimus et sunt in est ut aperiam odio soluta. Nulla suscipit officia perspiciatis ratione accusamus quasi harum.',0,9724.38,'1978-06-15 04:33:41','0000-00-00 00:00:00'),(170,20,20,20,70,70,'natus','Consequuntur repellendus magni ratione quo. Qui nostrum dolor autem animi dicta qui autem. Quo minima sed in dignissimos labore. Dolorem autem aut debitis.',0,4550.47,'2009-08-25 08:56:34','0000-00-00 00:00:00'),(171,21,21,21,71,71,'dolor','Dolores minima optio iste. Alias tempore quibusdam quia laudantium autem eum. Est impedit non repellat eum.',0,5069.17,'1978-03-14 15:51:41','0000-00-00 00:00:00'),(172,22,22,22,72,72,'iure','Rem odio rem placeat adipisci. Consequatur tempora laboriosam quia quia. Nostrum maxime quis voluptatem quis qui. Nostrum numquam sint reiciendis aperiam eius sunt.',0,1648.60,'2004-11-05 15:24:52','0000-00-00 00:00:00'),(173,23,23,23,73,73,'accusantium','Dignissimos accusamus ut ratione soluta non rerum atque. Esse neque facere quasi ab dicta. Et aut atque voluptatem. Inventore quisquam et consequatur atque minima vero quis provident.',0,1048.50,'1996-09-01 22:11:53','1976-06-10 22:26:05'),(174,24,24,24,74,74,'voluptas','Eum odio atque minima quis reprehenderit qui hic. Rerum magnam saepe commodi nemo atque. Dolorem porro laboriosam beatae nulla. Sint id quia quaerat numquam necessitatibus molestiae beatae voluptatum.',0,655.60,'2015-01-07 17:54:03','1990-01-22 17:19:55'),(175,25,25,25,75,75,'voluptatem','Asperiores qui atque molestiae sapiente nam. Magni ducimus ea omnis. Illo ut dolor omnis fugiat sed.',0,5988.39,'2001-09-10 20:21:45','1999-10-11 14:40:48'),(176,26,26,26,76,76,'vel','Vitae vel soluta explicabo nulla. Porro similique mollitia sint ipsa quis. Dolor quae architecto aut repellendus est nihil quidem.',0,357.57,'2001-09-06 12:58:24','2015-07-02 06:49:33'),(177,27,27,27,77,77,'sed','Dicta esse veniam cupiditate libero. Deserunt maiores iure cum et maxime exercitationem laboriosam. Sunt iusto et unde ipsam corporis ratione et.',0,9261.58,'2011-09-19 23:54:21','2011-05-30 10:36:36'),(178,28,28,28,78,78,'quo','Soluta quia veniam quo inventore. Eum tempora repellendus sunt expedita.',0,6218.77,'1989-08-14 22:32:40','0000-00-00 00:00:00'),(179,29,29,29,79,79,'totam','Qui doloremque sit distinctio aut ducimus. Eaque aut minus veritatis nesciunt. Sunt nihil est placeat et eos non.',0,4148.64,'2005-03-21 13:18:19','0000-00-00 00:00:00'),(180,30,30,30,80,80,'id','Nihil deserunt est quis accusantium est sunt. Voluptatem praesentium maxime non blanditiis deleniti fuga rerum. Reiciendis optio eius nulla nobis possimus incidunt quam reiciendis. Odio illum sit eaque quae tempore veniam.',0,6080.64,'1986-11-11 14:19:15','0000-00-00 00:00:00'),(181,1,1,1,81,81,'voluptas','Saepe suscipit et molestias voluptatem facilis non sint. Voluptatem totam sint ut fugit. Temporibus quae ea esse sint ut.',0,5470.54,'1996-04-05 07:29:20','0000-00-00 00:00:00'),(182,2,2,2,82,82,'necessitatibus','Rerum nostrum et et et. Et numquam vel consequatur. Alias nihil architecto numquam ab.',0,1625.86,'1987-07-11 15:43:59','0000-00-00 00:00:00'),(183,3,3,3,83,83,'non','Minima incidunt et ipsa est autem tempore et. Voluptatem maiores laborum maiores ut quia ut deserunt.',0,1626.78,'1995-11-03 07:13:14','1985-01-11 16:14:20'),(184,4,4,4,84,84,'rerum','Ut ut aut alias eveniet eos aperiam. Qui enim consequuntur dolor asperiores eveniet laudantium facilis. Aliquid quis veritatis nihil blanditiis voluptatem tenetur.',0,6600.66,'1985-10-12 03:17:43','2017-05-18 22:59:43'),(185,5,5,5,85,85,'ex','Est culpa ut deserunt deserunt saepe omnis architecto autem. Sed quia eaque esse molestiae officiis aperiam autem unde. Deleniti consequatur quia aut explicabo eos sit. Molestiae asperiores quia at vel iusto et magni.',0,2036.43,'2014-05-03 16:31:48','0000-00-00 00:00:00'),(186,6,6,6,86,86,'quo','Magnam saepe totam nisi. Nihil et alias nesciunt assumenda. Quis sit omnis accusantium non soluta. Ab nisi quis illum animi. Nihil ipsum quos distinctio autem molestias architecto.',0,1505.63,'1988-10-13 01:24:19','0000-00-00 00:00:00'),(187,7,7,7,87,87,'sint','Voluptatem consequatur velit dolorem numquam numquam. Et voluptas nesciunt error odio. Eos suscipit officia perferendis nostrum eum voluptatem aut. Ullam impedit a molestiae voluptates itaque alias.',0,8248.02,'1986-07-22 17:48:03','1982-12-27 19:59:01'),(188,8,8,8,88,88,'laboriosam','Dolor dignissimos labore veniam eum qui numquam. Id quia qui saepe perferendis. Animi inventore dolor consequatur et.',0,8741.65,'2020-07-07 04:24:27','1996-06-23 20:49:08'),(189,9,9,9,89,89,'officiis','Molestiae qui omnis ab maxime reprehenderit illo ut. Expedita dolores qui molestiae. Et nesciunt et quos deserunt et. At ut nihil vitae corporis. Non illum necessitatibus ducimus dolor et illum.',0,7428.57,'1979-10-28 18:02:44','1985-10-21 09:46:16'),(190,10,10,10,90,90,'cum','Explicabo quis laborum iure dolores aut. Totam voluptas ut optio magni vel. Omnis dolor corrupti assumenda enim laudantium cum. Dolor at corporis nulla earum.',0,1645.24,'1984-10-24 05:57:39','0000-00-00 00:00:00'),(191,11,11,11,91,91,'eos','Nisi rerum nostrum cupiditate sed numquam quam a. Sunt ea nihil aut nobis consequatur possimus alias. Atque quo et sit omnis quidem rerum.',0,4014.45,'1986-07-20 12:43:56','0000-00-00 00:00:00'),(192,12,12,12,92,92,'consequatur','Repudiandae harum ipsa aliquam. Est doloribus aut voluptatem explicabo voluptatem. Voluptas nostrum sint voluptate ea molestiae.',0,456.21,'2019-07-04 12:45:21','0000-00-00 00:00:00'),(193,13,13,13,93,93,'qui','Itaque occaecati illum itaque ea sed. Iusto fugit fugiat aliquam rerum aut. Quaerat cupiditate et dolorum eos quia et iste.',0,9459.85,'1980-09-11 06:24:52','2015-03-19 22:14:54'),(194,14,14,14,94,94,'incidunt','Qui et ea magni earum. Omnis in sunt vel voluptatem.',0,8252.82,'2004-04-14 16:11:44','1995-10-28 04:49:48'),(195,15,15,15,95,95,'quaerat','Ipsa ipsum quidem qui molestias dolore. Voluptatem blanditiis distinctio impedit sit corporis itaque sunt. Commodi eum ullam dolore et inventore quo et voluptatem.',0,6267.21,'1981-02-14 10:16:18','1983-03-16 22:39:30'),(196,16,16,16,96,96,'ipsa','Ut cumque sed quia sunt explicabo magnam laboriosam. Suscipit iusto qui neque quibusdam modi eligendi. Ullam sunt blanditiis ex vero natus in minus quos. Aut quas odio ipsam neque tenetur laborum. Placeat dolore laboriosam dolorem quaerat libero id est.',0,2964.42,'1982-05-11 10:28:01','2017-12-06 08:56:26'),(197,17,17,17,97,97,'nostrum','Delectus sunt velit inventore consequatur enim ut quidem. Perferendis adipisci quae vel quae architecto et atque amet. Eum molestiae animi similique ipsam amet molestiae aut.',0,6517.63,'1996-04-10 01:47:10','0000-00-00 00:00:00'),(198,18,18,18,98,98,'est','Sunt excepturi non ut. Similique veritatis ipsam qui qui. Voluptate commodi fugiat temporibus et in.',0,7335.11,'2004-01-04 02:08:34','0000-00-00 00:00:00'),(199,19,19,19,99,99,'voluptatem','Cupiditate veritatis animi aut. Est quidem non nihil itaque repellat nisi. Veniam consequatur iste voluptas nemo. Sunt quia maiores et facilis magni illo.',0,5433.05,'1998-12-04 00:26:49','0000-00-00 00:00:00'),(200,20,20,20,100,100,'qui','Qui ut enim et ipsum et reiciendis cum. Assumenda omnis voluptate aut reprehenderit molestias ut. Odio corporis occaecati ut esse.',0,4384.87,'1987-04-19 03:47:16','0000-00-00 00:00:00');
/*!40000 ALTER TABLE `product` ENABLE KEYS */;
UNLOCK TABLES;

--
-- Table structure for table `profiles`
--

DROP TABLE IF EXISTS `profiles`;
/*!40101 SET @saved_cs_client     = @@character_set_client */;
/*!40101 SET character_set_client = utf8 */;
CREATE TABLE `profiles` (
  `users_id` int(10) unsigned NOT NULL,
  `gender` enum('m','f') COLLATE utf8mb4_unicode_ci NOT NULL,
  `birthday` date NOT NULL,
  `adress` varchar(245) COLLATE utf8mb4_unicode_ci DEFAULT NULL,
  `created_at` datetime NOT NULL DEFAULT current_timestamp(),
  `deleted_at` datetime DEFAULT NULL,
  `media_id` int(10) unsigned NOT NULL,
  PRIMARY KEY (`users_id`),
  KEY `fk_profiles_users_idx` (`users_id`),
  KEY `fk_profiles_media1_idx` (`media_id`),
  CONSTRAINT `fk_profiles_media1` FOREIGN KEY (`media_id`) REFERENCES `media` (`id`),
  CONSTRAINT `fk_profiles_users` FOREIGN KEY (`users_id`) REFERENCES `users` (`id`)
) ENGINE=InnoDB DEFAULT CHARSET=utf8mb4 COLLATE=utf8mb4_unicode_ci;
/*!40101 SET character_set_client = @saved_cs_client */;

--
-- Dumping data for table `profiles`
--

LOCK TABLES `profiles` WRITE;
/*!40000 ALTER TABLE `profiles` DISABLE KEYS */;
INSERT INTO `profiles` VALUES (1,'m','2005-11-14','929 Mills Passage\nWunschshire, NY 56444','1976-03-20 14:15:49','2013-04-03 18:02:37',35),(2,'f','1980-03-18','915 Ziemann Burg\nEast Graham, IN 34172-2252','1995-09-29 14:38:51','1976-01-23 10:05:07',80),(3,'m','2004-10-24','01874 Lowe Gateway\nWest Karianemouth, RI 30266-1753','1997-07-31 16:48:21','1987-02-08 14:20:33',7),(4,'f','1984-11-16','2381 Pinkie Loaf Apt. 610\nPort Robbie, MA 08007-2309','1979-12-23 07:40:03','2012-09-06 01:23:48',26),(5,'f','2000-04-06','0397 Candida River\nWest Asa, CO 20457-7307','1983-08-20 19:09:53','1989-12-23 09:50:11',37),(6,'f','2010-11-15','5627 Roberts Hollow Suite 559\nStarkland, VT 19217','1985-01-02 04:34:38','1999-05-06 12:13:19',1),(7,'f','1981-01-14','08302 Bell Loaf\nAufderharton, CA 49081','1989-08-12 14:34:34','1970-12-11 04:27:12',37),(8,'f','1980-06-21','863 Mosciski Oval\nPort Jaron, NY 54288','2009-06-23 01:46:02','1981-10-25 04:31:55',82),(9,'f','1998-09-29','76707 Wiza Drive Suite 667\nNorth Theodorechester, DE 62152-2356','2006-05-10 11:38:25','1996-04-13 19:38:16',81),(10,'m','2020-01-19','3133 Pfeffer Camp Suite 851\nDamarischester, NJ 06240','1999-10-27 08:57:09','1995-03-31 07:08:31',67),(11,'f','2002-09-28','730 Carmen Shoals\nNew Ashlynnland, IN 96317-9165','2019-05-04 13:03:12','2011-06-21 23:01:45',84),(12,'f','2014-09-29','944 Craig Hollow\nUnaview, FL 11439','1982-06-24 23:39:18','1995-09-29 21:31:16',54),(13,'f','2001-07-16','227 Will Prairie Apt. 543\nJordonfurt, WI 67410','1984-03-11 20:40:51','2007-09-10 11:16:40',96),(14,'m','2004-01-09','472 Torrance Ford Suite 360\nEast Nasirburgh, IL 66903','2011-06-20 14:57:37','2000-12-14 20:46:14',25),(15,'f','1981-11-01','67975 Kshlerin Bridge Suite 816\nPort Keegan, AL 22048','2014-03-15 21:13:51','2017-07-16 23:12:54',22),(16,'m','1994-12-14','6811 Schimmel Camp\nNorth Ed, KY 30525','1995-11-27 16:20:22','2014-07-14 00:20:16',57),(17,'f','1986-11-12','379 Parisian Junction Suite 175\nWest Michael, MO 38167','1991-04-12 03:04:04','2017-08-07 11:08:29',72),(18,'f','1979-02-05','31059 Shaina Summit\nForrestport, WY 92636','2015-06-08 23:53:56','2003-05-09 00:20:56',90),(19,'m','1980-09-08','428 Fisher Light\nPort Ivory, WY 97163-2833','1991-03-27 16:34:12','2002-01-21 03:53:01',25),(20,'m','1986-11-16','165 Ruth Plains\nJanaeburgh, LA 68997','2012-11-17 23:30:44','1997-05-03 22:31:21',64),(21,'f','1995-01-20','9987 Justen Parkways Suite 359\nLynchstad, SD 18441-0586','1994-09-16 14:01:21','2019-12-07 20:21:45',48),(22,'m','2007-01-01','1956 Lizeth Lock Suite 415\nLake Kacieberg, HI 42972','1997-10-10 18:00:36','1973-06-10 13:51:19',8),(23,'f','1999-10-22','2476 Madisyn Course Suite 682\nSouth Rozellamouth, AL 41952','1979-06-01 15:02:55','1984-10-05 06:53:21',71),(24,'f','1979-10-03','425 Jon Flats\nTorreyside, LA 22924','2003-11-05 21:23:37','1998-09-18 13:09:50',39),(25,'f','1995-06-05','457 Ortiz Pine Apt. 568\nErdmanshire, MI 34839-5759','1991-06-01 20:32:10','1997-07-14 15:32:47',70),(26,'m','2002-11-22','257 Hermina Alley Suite 996\nLednerfort, WI 40572-0812','1988-08-16 11:11:18','1997-04-23 08:03:26',46),(27,'m','1987-05-16','90407 Spinka Land Suite 482\nNorth Kristy, AR 88242-8847','1979-10-24 19:18:30','1974-08-12 22:42:08',4),(28,'m','1997-06-18','954 Evalyn Ramp Suite 190\nLynchshire, SD 28859-8132','2019-10-20 10:35:45','1994-02-02 09:45:35',12),(29,'m','1995-01-14','712 Reilly Village Apt. 321\nEmmerichberg, OK 99057','2001-08-08 23:50:33','2006-04-07 06:07:13',61),(30,'m','1997-09-24','39722 Elody Keys\nWest Dorcasborough, AR 66204','1999-12-12 06:02:15','1996-06-02 10:53:37',21),(31,'m','1984-08-04','131 Freddy Orchard\nLake Aubrey, SC 55480','2018-10-07 19:51:57','1994-03-26 17:36:40',33),(32,'f','1987-01-09','046 Lolita Valleys Apt. 176\nWilkinsonview, NV 79938-0258','1990-11-14 05:53:49','1976-07-21 13:36:55',95),(33,'m','2012-05-17','051 Mohamed Harbors\nLake Jamarborough, MT 83248-5306','1986-08-29 12:12:47','1980-03-10 13:42:20',100),(34,'f','1973-02-13','253 Veronica Walk\nLake Mikebury, MS 58824','1983-01-12 06:40:54','2001-01-26 17:22:30',40),(35,'m','2001-09-15','718 Imelda Fords\nSchummmouth, MA 08172','1996-12-15 21:54:20','2000-05-16 00:30:04',21),(36,'m','1987-11-13','550 Dashawn Plain\nBuddychester, DC 11173-6133','2007-04-26 11:23:44','2001-10-26 16:17:38',37),(37,'m','2014-03-01','940 Otto Plain\nEast Mosesfurt, WY 99439','1990-10-18 03:08:15','2003-11-18 02:07:32',41),(38,'m','2019-05-21','416 Jett Forge\nGislasontown, MO 16490-4048','1989-02-28 05:16:04','2005-02-04 02:27:16',57),(39,'f','2013-03-01','69615 Rempel Trace Apt. 304\nLudieberg, PA 64279-7388','1970-04-21 02:47:12','1992-06-01 04:14:15',18),(40,'f','1971-07-22','21196 Gottlieb Point Apt. 604\nEast Reba, SD 33581-3931','1995-01-14 06:04:20','2000-12-06 17:15:41',21),(41,'f','1975-03-21','44142 Alexander Viaduct\nLake Harvey, AR 80421','2004-12-18 00:36:57','1973-09-06 16:29:46',23),(42,'m','1992-09-22','2957 Kohler Club\nMuellerburgh, CA 08543-3803','1996-07-13 08:58:45','1997-07-30 22:42:39',1),(43,'m','2011-02-06','8999 Reyes Fort Apt. 373\nPort Virgie, OH 69808','1999-03-21 18:54:27','1982-10-15 07:28:05',74),(44,'f','1982-07-16','791 Hettinger Prairie Suite 417\nPort Paxton, NE 45559','2016-01-23 14:32:30','1972-10-24 04:30:03',18),(45,'f','1994-10-04','786 Daniel Ford Suite 941\nNorth Edythport, MD 71468-0607','2017-10-13 05:16:16','2013-03-09 09:07:25',26),(46,'m','2004-02-25','103 Wuckert Highway\nNew Leonberg, WY 21567','1996-02-10 19:33:47','1987-07-10 19:52:32',96),(47,'m','1970-01-27','742 Gretchen Square Apt. 756\nNorth Idellborough, VT 44443-6658','2009-10-30 01:05:12','1974-06-02 19:13:13',75),(48,'m','2006-11-18','06667 Marcelo Stream\nHermistonberg, WI 87619','2016-09-05 07:49:15','1996-03-10 11:07:05',97),(49,'f','1982-05-17','666 Lockman Hills Apt. 287\nNew Kattiehaven, KS 38831','1982-06-27 06:33:49','1972-02-21 06:59:49',86),(50,'f','2005-12-12','22459 Frederic Cape Apt. 521\nKeeblershire, MS 19037','2003-02-02 10:03:46','1990-07-13 08:39:02',99),(51,'m','2001-03-12','7822 Emma Canyon Suite 210\nBentonfort, PA 04901-0533','2009-02-18 09:00:13','2003-07-18 23:37:34',61),(52,'m','1998-07-18','383 Botsford Union\nSpencerburgh, IN 94550-7213','1987-09-09 04:56:17','1997-04-05 00:58:31',34),(53,'m','1979-11-04','75141 Schmitt Shoal Suite 582\nNorth Kameron, DE 63637','1991-09-14 11:41:35','1977-05-17 02:15:38',7),(54,'f','2013-10-15','056 Koelpin Point Suite 527\nAuerfurt, PA 80605-3728','2001-11-15 11:49:49','1991-12-07 12:28:16',31),(55,'m','2015-10-09','51340 Perry Rapids\nNorth Reggieview, NM 38576','1996-04-27 08:17:15','2006-05-07 11:15:24',73),(56,'f','1993-12-05','049 Julien Avenue Apt. 140\nMaxiebury, KS 05162','2006-08-03 21:21:45','1990-03-30 19:40:40',77),(57,'f','1972-04-16','4734 Murray Expressway\nDenesikbury, FL 74522-0235','1995-07-21 19:00:31','1991-07-23 10:30:48',77),(58,'f','1994-05-15','153 Gorczany Mountain Apt. 312\nMarioshire, WA 02046-8350','1996-10-03 17:11:32','1992-07-08 23:08:33',77),(59,'m','2002-04-13','407 Raymundo Branch\nPort Jennie, MI 02405','2009-05-06 03:05:54','2018-07-03 20:48:17',88),(60,'f','1976-08-18','950 Greenfelder Greens Apt. 453\nMossieton, WA 01535-3237','1990-04-19 19:28:04','1975-10-10 05:50:38',37),(61,'f','1973-01-21','22667 Ray Knolls\nNorth Dejon, NM 13768','1990-06-26 08:24:36','1970-03-03 17:35:34',97),(62,'f','1974-03-13','46527 Kelvin Shoal Apt. 986\nLake Tessstad, ID 76815','1987-04-06 08:11:19','2010-08-30 13:00:37',21),(63,'f','2010-02-27','94130 Bernier Dale\nBartolettiville, MN 81522-6947','2000-03-30 23:15:00','2000-06-16 08:22:27',32),(64,'m','2008-12-21','66342 Torphy Crest\nLake Walker, WA 94802','1993-05-14 07:35:30','1985-08-20 18:51:49',96),(65,'m','1999-04-28','1312 Hermann Glens\nLake Issac, MN 65698','1990-08-17 17:55:25','2012-08-19 13:24:54',60),(66,'m','1999-04-01','485 Robel Lock Suite 161\nNorth Barry, MD 63385','1986-12-05 22:49:57','2003-06-17 13:34:56',52),(67,'m','1989-08-18','83051 Shakira Ford\nJosuemouth, IA 64029-2168','2000-08-04 15:59:11','1992-06-02 22:55:46',33),(68,'f','1979-06-22','44110 Lehner Underpass\nWelchport, IL 89544-8821','2017-03-16 23:46:38','2000-08-23 10:49:56',100),(69,'m','2010-04-04','594 Jacobson Manor\nPort Coryburgh, OK 60853','1977-12-25 07:14:58','1990-07-27 08:42:00',9),(70,'m','1982-05-25','948 Toy Well\nPort Derekfurt, NY 70545','2006-11-08 15:44:23','1986-10-27 22:32:24',50),(71,'f','2001-10-08','019 Jerrod Brook\nPollichberg, AZ 57956-1972','2014-11-01 05:21:46','1970-10-18 20:56:28',21),(72,'m','1991-02-22','8571 Sean Ville\nJerrellhaven, MA 35522-2204','2018-03-06 05:19:45','1976-06-09 15:22:53',31),(73,'f','1993-07-17','701 Ayla Fall Apt. 320\nLake Magnus, OK 10101','1980-02-21 13:35:59','1979-08-24 21:44:59',51),(74,'m','1991-09-14','5930 Waelchi Track Apt. 131\nSouth Marvinshire, MD 20126-8439','1997-08-22 04:31:43','1997-05-06 10:47:13',95),(75,'f','1992-08-11','379 Nienow Pike Suite 916\nWest Albertaland, WV 28312-0319','1994-12-27 22:00:19','2020-03-23 09:17:07',49),(76,'m','2014-12-11','56198 Joyce Mountains Suite 701\nPeterbury, WA 30921','1972-01-14 07:17:26','1991-11-28 07:37:23',77),(77,'m','2007-07-04','764 Hackett Parks Suite 179\nSmithamstad, NV 38561-3235','2014-05-26 02:21:43','1977-02-01 03:12:12',90),(78,'f','2012-04-19','0128 Brandt Plains\nWest Fredrick, IN 55036','1993-05-16 08:43:56','1996-01-16 12:31:14',24),(79,'f','1997-01-15','3902 Maggio Isle\nNew Roman, CO 99234','2004-03-22 07:51:56','1987-02-19 21:09:53',74),(80,'m','1977-08-05','00177 Waters Courts\nSouth Tiafurt, ME 81254-0098','2011-04-05 10:30:03','1999-09-28 16:11:30',76),(81,'m','1985-05-09','371 Breana Crossing\nLarrymouth, ID 79421','2005-04-24 20:18:15','2020-01-01 04:36:31',22),(82,'m','2018-07-11','614 Sonya Roads Suite 998\nHassanburgh, CA 33623','1975-08-04 18:13:39','1988-07-10 15:17:48',34),(83,'m','1983-01-17','6921 Cartwright Flat\nHellerview, NM 17317','1994-12-15 18:59:42','1979-12-25 06:34:50',9),(84,'m','1970-04-23','9076 Casper Fields\nEdview, AL 54891-3663','1987-12-21 05:30:15','2007-06-21 13:31:01',29),(85,'f','1982-04-11','69828 Carter Locks Apt. 247\nWest Stanfordhaven, WA 12768','2003-01-04 19:33:48','1994-08-22 18:03:23',65),(86,'f','2001-09-29','371 Renner Spring\nHomenickfurt, MO 87840-5109','2000-09-26 21:28:59','1980-01-04 05:02:51',81),(87,'f','1982-03-24','11020 Noe Wall\nGwendolynburgh, OH 35890','2003-03-02 02:55:24','2013-01-05 23:02:36',5),(88,'f','1990-11-22','8655 Mayer Station Suite 403\nLeschbury, OH 84407-7270','1978-10-09 18:22:30','2000-09-25 11:58:09',41),(89,'f','2017-10-01','209 Funk Crest Suite 635\nAshtonside, DC 83624-4845','1995-02-11 15:15:48','1988-07-22 09:56:10',57),(90,'m','2001-04-28','4059 Nikolaus Junction Suite 296\nWehnerborough, LA 65232-5944','1986-03-17 00:59:18','1993-04-05 18:19:55',93),(91,'f','1977-10-28','7186 Welch Groves Suite 840\nEast Leopoldotown, SC 46402-5910','2016-06-03 08:22:09','2016-05-14 13:15:18',77),(92,'m','2017-11-19','65537 Boris Island\nEast Jaiden, CO 84314-6582','2010-03-15 05:43:01','1986-02-26 16:47:50',54),(93,'f','1983-03-26','4590 Russ Drive Suite 846\nO\'Connerhaven, NM 13135-7235','1998-06-28 20:32:45','2010-07-23 17:30:21',13),(94,'f','2014-08-29','598 Brionna Pine Suite 417\nEugenestad, NY 77418-7172','1974-03-02 08:04:26','2018-09-09 17:21:41',8),(95,'m','1989-11-27','6996 Olson Port\nSouth Aldenborough, TN 88214-8184','2015-11-03 20:42:17','2019-12-15 17:11:22',50),(96,'f','1997-01-25','9282 Sigurd Rapids\nJosieborough, HI 08832-2215','2018-01-25 18:44:52','1982-07-31 21:58:09',73),(97,'m','1980-02-18','43549 Wolff Isle Suite 013\nO\'Keefeton, CT 03086-3316','1972-06-29 15:37:01','2020-11-07 12:56:18',60),(98,'f','2016-05-11','404 Estefania Causeway Apt. 622\nEast Marioton, FL 47745-4470','1994-04-12 19:55:49','1971-03-21 12:12:53',82),(99,'m','1974-11-13','9340 Bauch Street Apt. 868\nSouth Lanceview, VT 99913','1979-03-29 23:25:08','1982-05-29 01:48:37',73),(100,'f','1981-05-21','68960 Rhea Via Apt. 267\nMetatown, CA 33807','2014-03-13 23:15:06','1980-05-29 09:04:46',68);
/*!40000 ALTER TABLE `profiles` ENABLE KEYS */;
UNLOCK TABLES;

--
-- Table structure for table `rewiews`
--

DROP TABLE IF EXISTS `rewiews`;
/*!40101 SET @saved_cs_client     = @@character_set_client */;
/*!40101 SET character_set_client = utf8 */;
CREATE TABLE `rewiews` (
  `id` int(10) unsigned NOT NULL AUTO_INCREMENT,
  `rewiews` text COLLATE utf8mb4_unicode_ci DEFAULT NULL,
  `product_id` int(10) unsigned NOT NULL,
  `profiles_users_id` int(10) unsigned NOT NULL,
  PRIMARY KEY (`id`),
  KEY `fk_rewiews_product1_idx` (`product_id`),
  KEY `fk_rewiews_profiles1_idx` (`profiles_users_id`),
  CONSTRAINT `fk_rewiews_product1` FOREIGN KEY (`product_id`) REFERENCES `product` (`id`),
  CONSTRAINT `fk_rewiews_profiles1` FOREIGN KEY (`profiles_users_id`) REFERENCES `profiles` (`users_id`)
) ENGINE=InnoDB AUTO_INCREMENT=31 DEFAULT CHARSET=utf8mb4 COLLATE=utf8mb4_unicode_ci;
/*!40101 SET character_set_client = @saved_cs_client */;

--
-- Dumping data for table `rewiews`
--

LOCK TABLES `rewiews` WRITE;
/*!40000 ALTER TABLE `rewiews` DISABLE KEYS */;
INSERT INTO `rewiews` VALUES (1,'Hic dolor totam doloremque odit impedit dolores.',1,89),(2,'Optio mollitia quos vitae tempore nihil reprehenderit.',2,63),(3,'Eligendi quis vitae est ut unde et blanditiis.',3,91),(4,'Voluptatum iste quisquam a molestias voluptatibus quam consequatur.',4,53),(5,'Totam in aut cum doloribus in quia sit.',5,45),(6,'Et fugit laudantium non ex dicta beatae quam.',6,68),(7,'Velit odio quaerat officiis.',7,30),(8,'Id possimus harum voluptatem sint quaerat sit assumenda.',8,25),(9,'At veritatis ullam odio aliquam quaerat.',9,62),(10,'Officiis et necessitatibus quo.',10,92),(11,'Quia labore et porro est.',11,60),(12,'Omnis ratione hic laborum iste.',12,68),(13,'Officia molestias voluptatum necessitatibus vero.',13,79),(14,'Aut aut qui neque assumenda laborum autem voluptatem.',14,40),(15,'Repudiandae sapiente nostrum ut velit.',15,81),(16,'Eius cumque ullam excepturi sequi animi at alias nisi.',16,80),(17,'Perferendis aut cumque perspiciatis quis quaerat.',17,82),(18,'Delectus soluta modi sapiente voluptatem.',18,38),(19,'Corporis ratione magni quos totam asperiores a aut.',19,18),(20,'Delectus reprehenderit ipsam repellat magni nam optio.',20,67),(21,'Architecto necessitatibus assumenda mollitia consequatur omnis.',21,77),(22,'Labore expedita dolorum quae dicta culpa culpa dignissimos.',22,27),(23,'Culpa illo dolor incidunt repudiandae.',23,35),(24,'Expedita reiciendis minima sapiente omnis voluptatem.',24,29),(25,'Harum ipsa hic est cupiditate quia iure amet.',25,41),(26,'Quaerat laudantium aliquam possimus fuga nobis optio et.',26,29),(27,'Qui nulla perspiciatis et doloremque voluptatum pariatur rerum.',27,99),(28,'Placeat esse accusantium nesciunt voluptatibus aut sapiente saepe.',28,47),(29,'Deleniti minima quas id debitis aut beatae enim corrupti.',29,7),(30,'Voluptate error eligendi et repudiandae alias est earum.',30,8);
/*!40000 ALTER TABLE `rewiews` ENABLE KEYS */;
UNLOCK TABLES;

--
-- Table structure for table `section`
--

DROP TABLE IF EXISTS `section`;
/*!40101 SET @saved_cs_client     = @@character_set_client */;
/*!40101 SET character_set_client = utf8 */;
CREATE TABLE `section` (
  `id` int(10) unsigned NOT NULL AUTO_INCREMENT,
  `name` varchar(150) COLLATE utf8mb4_unicode_ci DEFAULT NULL,
  PRIMARY KEY (`id`),
  UNIQUE KEY `name_UNIQUE` (`name`)
) ENGINE=InnoDB AUTO_INCREMENT=31 DEFAULT CHARSET=utf8mb4 COLLATE=utf8mb4_unicode_ci;
/*!40101 SET character_set_client = @saved_cs_client */;

--
-- Dumping data for table `section`
--

LOCK TABLES `section` WRITE;
/*!40000 ALTER TABLE `section` DISABLE KEYS */;
INSERT INTO `section` VALUES (22,'Alias animi et vel rerum.'),(16,'Architecto id suscipit odio voluptates eos.'),(9,'Asperiores maiores ratione fugiat illo consequatur et laboriosam est.'),(26,'Aspernatur odio amet ut expedita quae.'),(20,'Aut sunt ipsa odit dolore eos.'),(1,'Blanditiis iure nemo perspiciatis exercitationem facilis.'),(11,'Consectetur eum sint qui itaque.'),(3,'Consequatur quo vitae amet ad aut quos.'),(28,'Corrupti laborum ipsam enim ipsa consequuntur recusandae qui.'),(8,'Cupiditate aut et necessitatibus qui quia sed earum corrupti.'),(13,'Debitis deleniti maiores ab debitis ut.'),(27,'Dignissimos qui adipisci veniam quis.'),(5,'Dolore voluptates vel sint assumenda saepe cumque eum.'),(25,'Id magni sit iste voluptate id voluptatem.'),(17,'Ipsa vitae cumque vel et suscipit rerum id.'),(24,'Ipsum dicta explicabo quasi rerum et.'),(6,'Omnis quae ad voluptatem voluptatem.'),(29,'Porro enim est qui aut.'),(10,'Quae suscipit animi numquam porro quo et a.'),(18,'Qui dolore voluptates et excepturi.'),(30,'Quis deleniti exercitationem aut similique est non.'),(15,'Quos est ad sed officiis placeat et.'),(2,'Recusandae veniam dignissimos qui saepe et nihil.'),(12,'Soluta quis et amet sapiente error voluptatibus ut.'),(7,'Tempore autem optio ut tenetur corrupti doloremque aut.'),(4,'Temporibus asperiores facere eum ullam voluptatem cum quas.'),(14,'Vero aut dolores explicabo sunt quia.'),(23,'Vero quam culpa molestiae et.'),(21,'Voluptas ut dolores labore voluptas.'),(19,'Voluptas vitae modi itaque et totam asperiores autem.');
/*!40000 ALTER TABLE `section` ENABLE KEYS */;
UNLOCK TABLES;

--
-- Table structure for table `type_media`
--

DROP TABLE IF EXISTS `type_media`;
/*!40101 SET @saved_cs_client     = @@character_set_client */;
/*!40101 SET character_set_client = utf8 */;
CREATE TABLE `type_media` (
  `id` int(10) unsigned NOT NULL AUTO_INCREMENT,
  `name` varchar(45) COLLATE utf8mb4_unicode_ci NOT NULL,
  PRIMARY KEY (`id`),
  UNIQUE KEY `id_UNIQUE` (`id`)
) ENGINE=InnoDB AUTO_INCREMENT=4 DEFAULT CHARSET=utf8mb4 COLLATE=utf8mb4_unicode_ci;
/*!40101 SET character_set_client = @saved_cs_client */;

--
-- Dumping data for table `type_media`
--

LOCK TABLES `type_media` WRITE;
/*!40000 ALTER TABLE `type_media` DISABLE KEYS */;
INSERT INTO `type_media` VALUES (1,' video'),(2,'audio'),(3,' img');
/*!40000 ALTER TABLE `type_media` ENABLE KEYS */;
UNLOCK TABLES;

--
-- Table structure for table `users`
--

DROP TABLE IF EXISTS `users`;
/*!40101 SET @saved_cs_client     = @@character_set_client */;
/*!40101 SET character_set_client = utf8 */;
CREATE TABLE `users` (
  `id` int(10) unsigned NOT NULL AUTO_INCREMENT,
  `firstname` varchar(145) COLLATE utf8mb4_unicode_ci NOT NULL COMMENT 'имя',
  `lastname` varchar(145) COLLATE utf8mb4_unicode_ci NOT NULL COMMENT 'фамилия',
  `email` varchar(245) COLLATE utf8mb4_unicode_ci NOT NULL COMMENT 'электронная почта',
  `phone` bigint(20) NOT NULL COMMENT 'телефон',
  `password_hash` char(65) COLLATE utf8mb4_unicode_ci DEFAULT NULL,
  PRIMARY KEY (`id`),
  UNIQUE KEY `email_UNIQUE` (`email`),
  UNIQUE KEY `phone_UNIQUE` (`phone`)
) ENGINE=InnoDB AUTO_INCREMENT=201 DEFAULT CHARSET=utf8mb4 COLLATE=utf8mb4_unicode_ci;
/*!40101 SET character_set_client = @saved_cs_client */;

--
-- Dumping data for table `users`
--

LOCK TABLES `users` WRITE;
/*!40000 ALTER TABLE `users` DISABLE KEYS */;
INSERT INTO `users` VALUES (1,'Euna','McKenzie','hmacejkovic@example.com',79262371397,'2f4fee8227ddeb3a89adc0bcb089cf45e85d8541'),(2,'Elmore','Heathcote','dameon42@example.org',79506716324,'cb8a58e1d98ffffe8ab000028a2705f81bce85ed'),(3,'Heaven','Weimann','jprice@example.org',79329388025,'2afdc62b1e5938e216730feca0279b986be1f82d'),(4,'Darrel','Collier','smitham.liana@example.net',79054824492,'149a13ca9cdc5e11d503d60c0ab8f3ef851f9e89'),(5,'Hannah','Turcotte','barrows.rylee@example.net',79489516878,'1644be43e6e7c8262146e9f40aec7d6a70f6e2c5'),(6,'Daniela','Durgan','kelvin55@example.com',79013095682,'45224988c1767563c8821fc24ad0e34769e1566b'),(7,'Elton','Wuckert','kaci71@example.net',79863566095,'d9b82c91aa5c661806d68ffc202d0b260dd4b669'),(8,'Augustus','Zulauf','bdibbert@example.com',79864857434,'3a075d983304fc12dba9cb836b8eb30863096846'),(9,'Susana','VonRueden','mckenzie.o\'conner@example.com',79353451234,'e82d0f3c141bfe49f10a812e12d19f87ef153cd1'),(10,'Orval','Gutmann','reva90@example.com',79155793729,'cd75772941e78323a83e4d368b6f974c84b8c42f'),(11,'Garnet','Terry','emmitt.lakin@example.net',79851309382,'db9ad4f1353870d396a33ae3948d1ce1fb538aa8'),(12,'Manuela','Little','lind.stefan@example.org',79756786731,'313a206cf7b4320823f7e1565dbbaf32be1e5bfe'),(13,'Stephanie','Wiza','wiza.eda@example.net',79839632870,'175a5c7c7084d21f7b05be2892ae36b0516ad6f0'),(14,'Dean','Sipes','gideon.cronin@example.com',79655901152,'41b01e8ad4c618ae58ffe75e9a4cb3661cdf904f'),(15,'Rachael','Mosciski','lhoppe@example.net',79218828257,'1ce63346eb39e0e66ebb966014b0cbd4b7b7b69e'),(16,'Carlotta','Stoltenberg','alvis62@example.com',79791601910,'2f8d1257b44c36929936d5520c84a6ee5c871d93'),(17,'Braxton','Rutherford','chaya85@example.org',79084670384,'ee0ecb31511b141881b715f1c000ad0430de6518'),(18,'May','Breitenberg','fahey.linnie@example.org',79457675988,'f1093defd9a8031bb7068dd88df9c4625f30d4e7'),(19,'Noemy','Gibson','cfadel@example.com',79250691068,'de4622d7e382a8a2d4df047cc6103524fdfe1b0a'),(20,'Heather','Gulgowski','abshire.audie@example.org',79264006555,'9c1f357b11f6f73974f01e0d82bff00d1983b226'),(21,'Linnea','Sauer','koepp.mona@example.com',79754043613,'8c39b44affc2c9ce9845d31cd70cf9689b05db0d'),(22,'Leonora','Rowe','emily.berge@example.net',79684291691,'2b9b2e20d0fa4998ca9589a303b6cfbe873f6353'),(23,'Thelma','Reynolds','arianna.herzog@example.com',79336068776,'99e68824008f63ae9019e85aaecd46293d3411b5'),(24,'Felicity','Hammes','jerde.darwin@example.net',79503073378,'c7940d87cf3f2bc67cc92478027813a3ae33666f'),(25,'Alysa','Larson','csawayn@example.org',79697658227,'a4c9647cd0fed540895104eaf618418d5d569b18'),(26,'Dion','Upton','vladimir53@example.com',79068353209,'0ca87aaebe520165a7145ebf0dfa95598804b369'),(27,'Antoinette','Purdy','yost.tracey@example.org',79422156392,'ef2414a1fafae3c264a949faa68744db127695d6'),(28,'Liliane','Hickle','emmitt66@example.net',79684298665,'05785442e11f2fe6ef6b3f2b3737172adb72dc68'),(29,'William','Kovacek','rolfson.kenna@example.net',79808087589,'800a690e59641b474a6862a510b2af1573b7ee19'),(30,'Maegan','Cole','thompson.claud@example.org',79612107470,'3d9ce9cc8f0d88d262b56e4f33c012678339de8e'),(31,'Kylie','Weimann','lreinger@example.net',79665786789,'8e49139059b5d0662fef2a59e3d5eb316795df0c'),(32,'Jacinthe','Fay','bmetz@example.org',79320308858,'fad8f7f81598adb38f975f749055fc5ff5b078c4'),(33,'Xzavier','McClure','ethel.wisoky@example.com',79501939274,'f983a7a96af1fbdea95fff8771003da8bd3488a4'),(34,'Conrad','Bernier','lloyd.farrell@example.net',79551847782,'23f2ee5580a60165bf8655561c8b34ac2263f32d'),(35,'Brenda','Schaefer','glennie.leffler@example.com',79921994755,'6d51aa7fa09c67ba4e74e082b697ee02c55f126e'),(36,'Kiara','Koss','buckridge.foster@example.org',79603488675,'4075c20b0ddcf2da220131fdf92ede8bdd338b95'),(37,'Viviane','Huels','wyman.jakubowski@example.net',79292188802,'c4b1df3c20ed773bd194e33819c29aeb336466de'),(38,'Ray','Thompson','kyra34@example.net',79147785728,'17f0c311e04647e48c5a66138dc387c71c9ed305'),(39,'Alia','Stanton','ybarrows@example.com',79308998719,'82a52122ab823e4f96e5c488d313a813473bcd9e'),(40,'Aric','Kutch','jbauch@example.org',79569575353,'558cfcad6310f8f7f09c0a9c9a118347576d286d'),(41,'Alia','Lehner','nienow.noemi@example.org',79832803932,'43907be2dbcbd3fd9e392885cb5995ac56c7c5c1'),(42,'Eldora','Howell','twila.walter@example.org',79125996321,'8d3a38f02c3f96c91f1fe46d7e8aaa822ad7549a'),(43,'Milton','Fisher','vonrueden.vivianne@example.net',79992105818,'6b9c95a3b993a19f09e20679d07e9a0d8fb001b2'),(44,'Arvilla','Harber','turcotte.michel@example.net',79374955401,'d5d2fb2e19203a89b94d6e5f2ce2ac40aff6fc2d'),(45,'Angel','Mayert','estelle87@example.net',79175326310,'fcc5db06a4fb846d4e399d592fcec5dbffff45ed'),(46,'Zora','Adams','felicita.paucek@example.org',79295478924,'8203600e527c433882dc1abaab1940f7aaeb8bf8'),(47,'Enrique','Carter','gusikowski.jessyca@example.net',79789243689,'223537b14a0ff375fee592418079b46ee07d2b69'),(48,'Shane','Grimes','rey50@example.org',79404839153,'c0a2375013fee6739571f1e219e1cb582759c4d7'),(49,'Dorcas','Wolf','phyatt@example.org',79645016107,'16fd297720d4896fe1e8753a78eea39c6ef3ca78'),(50,'Matt','Bogisich','marilou.hegmann@example.com',79410588176,'0b5ff164d60abfa0b8f43058eb536ab5f0864770'),(51,'Teagan','Reichel','juliana29@example.com',79715902853,'f2452af59695738374188fb0f0b881d34972104c'),(52,'Freida','Tromp','toy.deborah@example.org',79097805625,'79572e87043d6f7bb40ccbfae7999f6288234acc'),(53,'Pat','Emmerich','oswift@example.org',79215587401,'121ea5e9701e3a668dd318cc08105189b8e33d43'),(54,'Leora','Flatley','joanie.luettgen@example.net',79497013307,'9f952b477f1860dbee934064dd904a39f339a628'),(55,'Bernhard','Hauck','roob.savanah@example.org',79087915999,'a163c23a1eae26a250d64e49d5eff0adbaaa6ff8'),(56,'Elsa','Becker','kruecker@example.org',79290720653,'e4e925236a5eae50ed48ff9e068a5a8abb18143a'),(57,'Lexi','Jaskolski','annie.kris@example.com',79062857492,'a6c0107db70cbd0cbb04fe815f303bb20af355bd'),(58,'Johan','Romaguera','rath.mozelle@example.com',79249464733,'f56c2fe23a8647f38ba3619abe8ebc7aef7816ef'),(59,'Leonie','Heathcote','tyshawn95@example.net',79800706333,'c381bdb5c5eaa87e81293a57433197e9b37a8b50'),(60,'Emelie','Stamm','delaney.gislason@example.org',79251961385,'e8ba560f19e64c7a08931facc180398ca28199e5'),(61,'Lessie','Kessler','willms.angelina@example.net',79202624548,'d5b002d349094c776e5a0aac7ce041cc3d4a8c11'),(62,'Katheryn','Upton','lhudson@example.com',79673240429,'c6b877819701564ebe4e386c435ec02c9ccecec5'),(63,'Ashlynn','Tromp','price.antonio@example.com',79406911395,'13d28ed214779b2d92748f67ccf690534e292a55'),(64,'Domenick','Klocko','wilkinson.geovanni@example.net',79847765543,'f5be8b35422ef6189acea79fbd6f17932a3b1b26'),(65,'Dereck','Nader','ipacocha@example.org',79013266456,'0fffe981ccbde5ac0375c0500165cbf7df4abfae'),(66,'Minerva','Hirthe','mtrantow@example.com',79034259201,'8a42b6495508fd9f7459cd5e37add43a4eaf96ab'),(67,'Daisy','Gibson','dandre65@example.net',79164921942,'dddf1de619f046e194e0549fd4a86e2d0d00415e'),(68,'Alyson','Sporer','rhett62@example.com',79528809073,'88692b9313eb5ba75b5c1cf79f2fc1ed8fa6e255'),(69,'Candice','Monahan','vesta.pfannerstill@example.net',79817170174,'4ca8a3ddf22261908bdf3dbae1d77a18c42f4dfc'),(70,'Lola','Frami','rebecca17@example.com',79283145864,'a0740f29f86ddbefe25ffa9d952ac746ac8df801'),(71,'Al','Kassulke','drake.bahringer@example.com',79428751404,'5a0aba09ac14e4ac6bbb19ed6df5c7e08ed34e2b'),(72,'Vernie','Sporer','marcia70@example.org',79938584830,'72b24bd7fabd6fed160e61f141122b7699fd2b21'),(73,'Jovanny','Kuhic','kelton.fadel@example.org',79128576322,'81aefc86d90fee675707fec4976a2b6cb893a13e'),(74,'Verla','Gulgowski','acasper@example.org',79189826686,'d62d032ec0e5db3d0dcaf06c7b15c4ed0eec0543'),(75,'Laura','Carter','jerrod06@example.net',79992883232,'dc83d6c4980dc7f34ba8f07eca16568ce046e96a'),(76,'Erwin','Swift','elfrieda.paucek@example.net',79674296030,'4eab47b68239e5a2a32aed7e17ec82daccc9f63d'),(77,'Erin','Hoppe','ramona87@example.com',79746070341,'085e68c228836a16c1bb8eda58d890d752798da5'),(78,'Jaleel','Hermiston','eleazar12@example.com',79537533267,'1f48182601a06c7bf9cc73c7a9f9f94cc98def63'),(79,'Wava','Anderson','kasey.bednar@example.com',79575435316,'a7003de4aaa53435ba197a4b93eb05c694149dd6'),(80,'Jessyca','Schiller','braxton.von@example.net',79931788326,'8bee94d50808eb7badcee19c1337b93a6753ad10'),(81,'Daphnee','Kreiger','keith.bins@example.org',79940749292,'11d0e21f1780c130494a586fae415cd95113a9ec'),(82,'Nikolas','Hartmann','hlegros@example.org',79165774226,'2b1f844fcd819e246748597a9da09fa962ee2968'),(83,'Lloyd','Harris','blair44@example.com',79062767789,'dc20bd9001f7a41ba3899725911aab065b6eb80c'),(84,'Cecilia','Hills','stiedemann.silas@example.com',79659486094,'1f0ff6b22e5b9d909f215ba607a74e0b36fb0d02'),(85,'Deanna','Ruecker','rylee93@example.com',79139955293,'756eebbd2b8308dc9f6da5b30f8155f44f7bf67d'),(86,'Ayla','Ortiz','virgil.leuschke@example.org',79701185905,'aebb476d54ccd1fa178dbf282fe92e9736f85f3f'),(87,'Bessie','Schuppe','clementine.mcglynn@example.com',79841199483,'8b4fc0c99e12aec3969f2f0289a671988b46f100'),(88,'Raheem','Rosenbaum','melyna51@example.com',79311985909,'ae1241f67249b66c84f5f2e45bc16b9eac1be29b'),(89,'Juliana','Larkin','kristy.botsford@example.org',79013784500,'45531a152a5bfcc6b6af00d4ed26a22535f9f6f7'),(90,'Scot','Hoeger','arely.sauer@example.org',79180639581,'b1c759114da649bc0e4584dce9d013352d94c7e8'),(91,'Jensen','Vandervort','korey.spencer@example.com',79936949722,'339fc5ed5ff34cd324bea38352e5c94f65ed7632'),(92,'Arianna','Huels','khamill@example.net',79820746421,'7cda9d576f95c4c086f512d3cf49814909934a0e'),(93,'Elsa','Yundt','hackett.tillman@example.net',79525924530,'096d13bf6e32a03b8b4df4486b07fad9b64d24ae'),(94,'Mollie','Schultz','jared32@example.com',79253551252,'33eccc3f9442df1e9bdf8750edbe3fe29163ff84'),(95,'Eulalia','Daugherty','dcronin@example.org',79719417610,'5645d970252d587ebd612a060170bad4ef24e38c'),(96,'Vivian','Kessler','hbode@example.net',79693139959,'048ea59f7cf0a4bdb8ff0ba02305a34639306e7a'),(97,'Rashawn','Dooley','bergstrom.jorge@example.org',79703078736,'c5eefae2c9fb6b02f5a7ed533845d88c40f732ed'),(98,'Leon','Hermiston','bernadine.stark@example.org',79963738754,'647c84960e840546442559159b441a229b273b0c'),(99,'Norbert','Doyle','creola97@example.net',79730058902,'e2d7c8cd8c994bcfa3c4156a715f38a8d25d66c8'),(100,'Kay','Johns','ward.kaylie@example.org',79779013058,'e38ba1ed06ab9ad901e29c41bdc1cfd7752a60da'),(101,'Pascale','Ledner','tony00@example.net',79546872738,'4337b06933325917c9cae75709fa9155c7ab955d'),(102,'Camila','Franecki','robel.maud@example.com',79457109976,'ac821396f915aad2424a6f559f853fd9b856e5de'),(103,'Laurence','McClure','qpadberg@example.com',79405541449,'54224ebce520af40968233445ff223ba81b505d1'),(104,'Eveline','Kozey','mark.donnelly@example.org',79723739272,'75c735c42863b9aafeee1ec8301f91f116298063'),(105,'Sylvan','Bartell','odibbert@example.net',79552492592,'f0cccd12f8dd270ff708bfa2d04b1146704044c1'),(106,'Gina','Kovacek','ybernhard@example.com',79929860788,'0d72e7e4edc9ac27c6f7facfc48163b9fe3cb388'),(107,'Kylee','Pollich','daufderhar@example.net',79598104372,'6ed9682e0ef23b0dd94b9436cee9127bee05152e'),(108,'Giovanni','O\'Kon','caleigh80@example.com',79638639407,'33c13203caf182d210df03da918c67359e0f27a3'),(109,'Lucio','Spinka','cfisher@example.net',79924222265,'40f19fb2e4513e513bf047971206221941b6df76'),(110,'Pierce','Yundt','slittel@example.org',79165698161,'ce8549a21f31202831a57e2296babb0fa2bea8b6'),(111,'Ricardo','Kozey','neal79@example.com',79352138613,'8bda2d74b2e29acfe0c2829f1acce65f82a1bbf5'),(112,'Anais','Padberg','elva28@example.com',79516163208,'c73821a19953f7ffec2d263bff31dd696bdf2f4a'),(113,'Ella','Boehm','ethiel@example.com',79077877313,'5114c4484976da20d4d782d68a3a47e4263761ce'),(114,'Maggie','Mertz','randal50@example.net',79685092550,'1c48019557ec6b94a2bf1ef424c93c0303f00d1c'),(115,'Christina','Stiedemann','cbruen@example.net',79543608729,'9c370e359bf85b09eb9af023428aaaf8ada7fd40'),(116,'Hannah','Runolfsdottir','rashad.adams@example.org',79150733002,'91b701df8adbc893e786760b8cf626d3d34622e2'),(117,'Nia','Cummerata','anderson.isabelle@example.org',79272485482,'3ac232d5d83e2eb50474ede1ea2a735695542155'),(118,'Bernadette','Langworth','shanahan.macy@example.net',79398014235,'d24c699229af5bb8bfffd113c2cc1cbd3593b117'),(119,'Anahi','Walker','cjacobs@example.net',79346927792,'7a24bd4d43b9f0eb971e344b92205ee092425aab'),(120,'Neva','Kuhn','reinger.sydnee@example.org',79988878390,'4d778e0e063c4e42416ea686013404b39f0e0b99'),(121,'Juliet','Weber','bethany21@example.com',79731841477,'e0f3920f6995c00acc89126fcb229fcda64729a9'),(122,'Flavio','Parker','leichmann@example.com',79879949125,'ba8140a91b009e4d7b71245d85ff11f3d538a6cf'),(123,'Ila','Shanahan','wdooley@example.org',79059325950,'18b01ee6223c3cdac9f6ebb427c0e58be73f1dfc'),(124,'Rasheed','Shanahan','beatty.verner@example.net',79501982818,'1238ac68cfb02b0296289850b210f22caed33879'),(125,'Jalen','Predovic','jadon.ziemann@example.net',79167851852,'ee0868e5424a32c855c30e15345f23128436b396'),(126,'Lexie','Stiedemann','jakob.russel@example.net',79755402835,'2ce6d106541b92257032058988afe5a0f0bbeedb'),(127,'Meaghan','Grimes','julianne.marquardt@example.net',79156281391,'33f096306aebaeab114f06f6aa5b18ab0169b28d'),(128,'Winfield','Collier','keith14@example.net',79424079774,'0b284866a9261d291ab84fdd9bbb8f4e5d6ae28b'),(129,'Concepcion','Yost','hailey.tremblay@example.org',79301464296,'5690e963d9d8fdca1034a872c228d849e9834d97'),(130,'Linda','Stokes','rodriguez.tiara@example.org',79097677692,'b20d20efe4c56f7b3548c98f0a0283aa5378f3a8'),(131,'Tiara','Reynolds','barrows.cleta@example.org',79717463355,'e785589c4fd6b751bba0d066b06572fdd6cd8eea'),(132,'Krystel','Dickens','dante.barrows@example.org',79794924244,'a54297ee63c35e0c876ceb7371cb281036f2a219'),(133,'Cecilia','West','treinger@example.org',79289385285,'9fa53588ac106e93c6920c0c5a0a730058b974f5'),(134,'Sasha','Weber','jovany74@example.com',79079625756,'1e41407f15a7ee0047db06458d21ba71d05b3989'),(135,'Penelope','Ortiz','zberge@example.com',79925396799,'00d4c507318d7eebdf34c3ae23ebec499aaf7606'),(136,'Gennaro','Kreiger','upouros@example.com',79291845866,'cf027bd767dd8f8ffa5f823d1bfda397ee52d643'),(137,'Amely','Lakin','lgoldner@example.org',79478455973,'9d09acd09250e27de9339475ac6f81f3425f5879'),(138,'Chester','Rath','rory.strosin@example.com',79495760306,'dcc09ee1549d428b57459bb87007246321a45634'),(139,'Johnathan','Gulgowski','so\'reilly@example.com',79512233230,'b4e8d9a19228944edd2198c9aa1c0b605f114fbc'),(140,'Laney','Ziemann','robb74@example.org',79442827118,'87c2fadc1e0f289541c341766af6973e471b6099'),(141,'Earl','Lueilwitz','carissa02@example.net',79606509594,'004a99b6ad4dcc8a88893006e31e86693078389d'),(142,'Sheldon','Cummerata','dorothea51@example.net',79560706714,'365d52e5e8ee79e06b93e205785abae96a0a919d'),(143,'Darrell','Tremblay','ikuvalis@example.org',79996623907,'e7e8336f767e852d1cd19d24f19a0dc35196a4b4'),(144,'Nyasia','Armstrong','runolfsdottir.grant@example.net',79479800398,'f602729043ea50a757e5cc238e7965a6b2c848d9'),(145,'Anna','Lowe','merritt.connelly@example.net',79691157513,'86f8cb472baccbf729c9f89527706e64a556adfb'),(146,'Demetris','Kautzer','sibyl.heller@example.com',79118181352,'c1cc53b3a290bb1f648c7f10b13c096d561c9a4d'),(147,'Ignacio','Cremin','albin.miller@example.org',79426842333,'a2e30a92e18f8ee97af4fdc171a1db9200d3d7dd'),(148,'Willa','Mohr','jammie87@example.org',79255252869,'16b99fdec662bdd57c54e0ba2b9cf8a0d766a947'),(149,'Robyn','Lynch','armand53@example.net',79089113594,'714205279bb4d0af83b7c54bc1b51b6f6605d3af'),(150,'Leslie','Murazik','brenna16@example.net',79995994707,'e98a1d9766fe6af3ca10236091b68cd0d0f97222'),(151,'Freeda','Turcotte','burnice28@example.com',79984075724,'4b461ba0d0a764a3ecba63e36adc81978c60aa4c'),(152,'Karlie','Pollich','amanda57@example.org',79213857724,'ed9c7772d02cf0b9758793b336f433380e35e622'),(153,'Lilly','Daugherty','lkassulke@example.com',79696573082,'6b0ff1a0a0fa2c679ee3965780f8d45688d127fc'),(154,'Kellie','Grady','carter.joyce@example.org',79847073264,'ca46bbe3a3b767e46553ca076fe8f5d471584ce2'),(155,'Baron','Muller','raymundo.corwin@example.com',79550697924,'b602f198f6995cac3e50bdb2f050f47f602d7094'),(156,'Cornelius','Stark','hackett.christa@example.org',79083239807,'45e829d0f019cb45b2c27db964eb543f41fc32ac'),(157,'Hanna','Kuhic','eusebio45@example.com',79479496093,'d45a8d722b908610fae54357fe14208e28ae22e9'),(158,'Ally','McGlynn','jbartell@example.com',79384830871,'7f68bb178bfa643b8196205569c2a0b4d357b6ff'),(159,'Moriah','Gerlach','krystel74@example.net',79372493877,'1923598685f9a97e3e1486a110999335d8385e00'),(160,'Albert','Kuhlman','brigitte.barrows@example.com',79815523309,'a8d4d23dbc73e9d3573a0f4c37768c8a993761ae'),(161,'Colleen','Spencer','johns.adonis@example.net',79954543151,'a070e94cc2d37e6241040f40d57646b536c7cfbe'),(162,'Leonel','Conn','schaefer.royal@example.net',79491599084,'797d57f5f2a379e60abd1dea7976074d0dbe7f10'),(163,'Porter','VonRueden','koch.tillman@example.net',79376469394,'f69101288a746bdcd953ca2da34f094d22c34209'),(164,'Wilburn','Goldner','jeffery.upton@example.com',79068951417,'5500dca59e878cfe698c3373af09a64eb8c876ed'),(165,'Xzavier','Bartell','kobe92@example.net',79193571826,'3217c1f55144bb7deb12504ff20e309392f16981'),(166,'Antonina','Wilderman','ullrich.carleton@example.com',79788978159,'03c76b51c477eea4be401831cbe0ab03edbac4f3'),(167,'Rebeca','Koch','stanton.joaquin@example.org',79307344905,'3c4b7e2a226d2f213b5d837f384618effffb2ae3'),(168,'Anthony','Bradtke','quigley.thora@example.org',79089321568,'22b4326632365d201a230e6863eeb5e7e40e7715'),(169,'Kaycee','Will','mohammed66@example.org',79677286466,'75f9d1dc77cc6c6f4319454dde427fbb1f8bbb7d'),(170,'Elyssa','Wintheiser','augusta99@example.com',79370829049,'492cfb8c6039a341791b27d97242fe4f2a34f572'),(171,'Zachary','Bernhard','baron.zemlak@example.org',79246205540,'73de1689373594b98da191d576d51e374bec205a'),(172,'Alvina','O\'Connell','adolph.purdy@example.com',79473130858,'d8d30b420263e7b7d2c9fe39b5ecbb368f778ad4'),(173,'Taurean','Friesen','kautzer.ocie@example.com',79610153958,'91adb2c534b4a5e6a16f8fc870284bc6b572d924'),(174,'Lisette','Walker','brown15@example.org',79246566487,'43b992f6874d6d5207e75938e2ad35542765baa0'),(175,'Edwardo','Koelpin','marielle47@example.net',79569323815,'0b3d19fa8d6bbfecd4d2471f5500a18f19f648a2'),(176,'Aliyah','Mitchell','hyatt.fabiola@example.org',79217235987,'8078675e8b55cf48dd01a4417af04d50abdd76e4'),(177,'Vicente','Schaefer','oschinner@example.net',79622160248,'accaa74ed97a97a8fdbbbfd80012680a1d725ab1'),(178,'Domenick','Considine','helga94@example.org',79043905620,'92eb07fe1e4f34ba48a7bd7df6fac05ef7ff7a0d'),(179,'Jordyn','Bergnaum','kunze.ellen@example.com',79129110984,'a3f64436277c6473d6773dbdb870e27c3ab2eda2'),(180,'Genevieve','Shields','qupton@example.com',79924126301,'f6dd1a1e748f9a9e84040ce1be4b4fe5f84e4853'),(181,'Alexzander','Reinger','stevie41@example.net',79075613798,'68a94c9a1f3e10230ee3894ee4b66b8f0edceb09'),(182,'Stuart','Macejkovic','keanu90@example.org',79358443487,'0bdd5439fdb0193860371d41fac6940d16f92625'),(183,'Dameon','O\'Hara','tiara.grady@example.org',79615597077,'ddd1bddbb1bb3f35b77a79670abfb92b51d9b899'),(184,'Alyce','Robel','slabadie@example.org',79578569595,'c7ead3584097e04f3f0c1d839ff50dabea2f6863'),(185,'Annamae','Feil','iwalsh@example.net',79837114056,'3e2f8c83652b876e6e408bd1f11521e8e5bbeba9'),(186,'Mohammad','Huels','jake78@example.org',79599929048,'c6ed650afc7da0f37c853943e86553718a88f4e3'),(187,'Karina','Heathcote','broderick.batz@example.org',79244819785,'94259462226509cbd33044d695ffc2d0e630ccfb'),(188,'Jarred','Gottlieb','odouglas@example.org',79436421691,'1f17bc99b2d277cbf01a350b857d3d4b65161568'),(189,'Jerrell','Jerde','orlo.kilback@example.net',79100074753,'4e8d903a6454daf892e8ad150d1294eb8f03ebd4'),(190,'Nasir','Baumbach','demetris.hansen@example.net',79961646670,'cc3a31b1a930ec355427a0080659a15a603f37f5'),(191,'Domingo','Stracke','delphia.effertz@example.org',79705587103,'10a11c2c9aaf01f69e3278bb43e868da46bb6d2e'),(192,'Rick','Kertzmann','bruen.heloise@example.com',79096807751,'2f48b0471bd55e1bd87bab4d02f919fbee737304'),(193,'Casey','Huel','ellen60@example.net',79012775070,'fc287a1b75ad413456c8564edb4bed8bd7637ea9'),(194,'Delilah','Purdy','aylin56@example.com',79149249148,'4a4d65c9100b6e5c41904c4d7bdb1dd20ba06f6b'),(195,'Claudine','Walsh','nick.crona@example.com',79841403966,'076e73a6b3545b16028d29f4178886433d2bda70'),(196,'Raul','Heathcote','bernita54@example.net',79942287353,'faf1ddf2eba0d933a6482b8498ac8c27793bc393'),(197,'Osvaldo','Kassulke','jailyn.krajcik@example.com',79601828238,'c3be24ca892823bc2f7a0d460c0216bcf8d030f4'),(198,'Marian','Harber','pbruen@example.org',79872006336,'6069aa76489c92856fd8f6907a08a4144371cf54'),(199,'Jamison','Wisozk','purdy.jamil@example.org',79892876471,'79c9c314ef02d80561777164c3185fb4bf7dac30'),(200,'Aiden','Considine','terence.lueilwitz@example.net',79549496176,'1a34f82bbd4065c67817e61cb7b1a80e78891b69');
/*!40000 ALTER TABLE `users` ENABLE KEYS */;
UNLOCK TABLES;
/*!40103 SET TIME_ZONE=@OLD_TIME_ZONE */;

/*!40101 SET SQL_MODE=@OLD_SQL_MODE */;
/*!40014 SET FOREIGN_KEY_CHECKS=@OLD_FOREIGN_KEY_CHECKS */;
/*!40014 SET UNIQUE_CHECKS=@OLD_UNIQUE_CHECKS */;
/*!40101 SET CHARACTER_SET_CLIENT=@OLD_CHARACTER_SET_CLIENT */;
/*!40101 SET CHARACTER_SET_RESULTS=@OLD_CHARACTER_SET_RESULTS */;
/*!40101 SET COLLATION_CONNECTION=@OLD_COLLATION_CONNECTION */;
/*!40111 SET SQL_NOTES=@OLD_SQL_NOTES */;

-- Dump completed on 2021-01-26 12:41:32
